"","ds","tv_S","ooh_S","print_S","facebook_I","search_clicks_P","newsletter","type","solID","bestModRF","refreshStatus","cluster","top_sol"
"1",2016-01-04,15954.1424827482,274429.564494105,3465.57085407362,3678.2103121391,5681.31257305938,37218.568877043,"adstockedMedia","5_277_2",TRUE,0,NA,NA
"2",2016-01-11,8504.74619752462,109681.505758919,23955.1027939664,4998.49147808176,5510.07540345947,33546.3598946525,"adstockedMedia","5_277_2",TRUE,0,NA,NA
"3",2016-01-18,2959.90645801297,43836.5040141375,2583.91788799215,3224.17040136369,4679.69199677437,32716.2187139922,"adstockedMedia","5_277_2",TRUE,0,NA,NA
"4",2016-01-25,1030.13611890463,17520.1741705231,11522.6254923146,2844.50985811,3655.87297878077,27809.5985498448,"adstockedMedia","5_277_2",TRUE,0,NA,NA
"5",2016-02-01,16870.3448963895,49479.6367758357,1242.88834751839,70.3878397529488,4205.22515443009,20602.7245871449,"adstockedMedia","5_277_2",TRUE,0,NA,NA
"6",2016-02-08,5871.38541797558,19775.5700118623,4897.61974478286,2973.71964615423,3564.03536664797,18882.8963485236,"adstockedMedia","5_277_2",TRUE,0,NA,NA
"7",2016-02-15,68319.858017719,7903.71948496309,2976.68190202195,1391.66046460735,912.102556146452,26740.1683801432,"adstockedMedia","5_277_2",TRUE,0,NA,NA
"8",2016-02-22,23777.3572850456,3158.88652815132,321.079883465759,34.4368550856007,233.423910636256,29793.7626983717,"adstockedMedia","5_277_2",TRUE,0,NA,NA
"9",2016-02-29,49831.5259796612,1262.51496105349,34.6332913491222,2817.40081915835,1934.38824406675,12161.8360296394,"adstockedMedia","5_277_2",TRUE,0,NA,NA
"10",2016-03-07,17342.8638708549,504.590466507427,16509.8246099087,69.7170223591737,3864.23425195024,12950.4894545949,"adstockedMedia","5_277_2",TRUE,0,NA,NA
"11",2016-03-14,25808.2761765956,44195.8034495256,1780.83273130019,1.72515858360597,2979.96783298789,10343.986112443,"adstockedMedia","5_277_2",TRUE,0,NA,NA
"12",2016-03-21,8982.05326192117,17663.7756923356,192.089576467502,0.0426893180155699,3225.63280604396,11448.0131920696,"adstockedMedia","5_277_2",TRUE,0,NA,NA
"13",2016-03-28,3126.02361536844,73148.2301225427,13600.1419702025,6962.88810682351,2957.23418424713,14474.0744240024,"adstockedMedia","5_277_2",TRUE,0,NA,NA
"14",2016-04-04,1087.94986612572,29235.2175620377,1466.97972529219,470.728820720439,2379.6814320134,15085.1013385926,"adstockedMedia","5_277_2",TRUE,0,NA,NA
"15",2016-04-11,378.639145713382,78098.3318200659,158.235812474118,11.6482580313432,2164.21856735709,8826.56649280503,"adstockedMedia","5_277_2",TRUE,0,NA,NA
"16",2016-04-18,11258.5110991389,31213.6290675364,17.0681107023188,2451.5969945372,2547.87619028226,15093.294023604,"adstockedMedia","5_277_2",TRUE,0,NA,NA
"17",2016-04-25,3918.29913979694,12475.1786223868,1.84105227755733,60.6651497087631,2088.82901612579,12182.7504396381,"adstockedMedia","5_277_2",TRUE,0,NA,NA
"18",2016-05-02,1363.68548325255,4985.96562814665,12518.7763629374,1.50116858414626,1824.38644128573,10142.6174821449,"adstockedMedia","5_277_2",TRUE,0,NA,NA
"19",2016-05-09,474.603400834299,51950.6119409066,1350.33819133161,0.0371466505703219,2014.91789713575,5841.75471980679,"adstockedMedia","5_277_2",TRUE,0,NA,NA
"20",2016-05-16,165.176201440701,20763.1468325211,145.654269882721,4404.29636908027,515.65474955745,21671.9518515048,"adstockedMedia","5_277_2",TRUE,0,NA,NA
"21",2016-05-23,57.4862663740256,132741.0918494,15.7110022298544,108.985000058076,131.965585852971,27824.0870739156,"adstockedMedia","5_277_2",TRUE,0,NA,NA
"22",2016-05-30,20.0069428452852,53052.7490978034,1.69466773109528,2.69685081164037,1631.87413648439,19816.3553040914,"adstockedMedia","5_277_2",TRUE,0,NA,NA
"23",2016-06-06,6.96301546894983,21203.6389607805,0.182795386112185,0.066733993635543,1506.29480807544,12006.2873833385,"adstockedMedia","5_277_2",TRUE,0,NA,NA
"24",2016-06-13,2.42333797800897,8474.47705962034,0.0197172298562072,0.00165134307293769,2070.22892022972,11883.0381350222,"adstockedMedia","5_277_2",TRUE,0,NA,NA
"25",2016-06-20,20473.2300608803,127295.268377405,0.00212679959528033,2903.01894432659,2096.27272100093,6601.13942375577,"adstockedMedia","5_277_2",TRUE,0,NA,NA
"26",2016-06-27,7125.29738879481,50876.2120340696,0.000229407302723137,71.8356562099609,1822.79685998263,6002.41987563839,"adstockedMedia","5_277_2",TRUE,0,NA,NA
"27",2016-07-04,12600.8302810155,20333.7404754242,5168.40002474503,1.77758450843067,1983.34008947534,6479.73776879696,"adstockedMedia","5_277_2",TRUE,0,NA,NA
"28",2016-07-11,4385.46642767056,8126.80396577139,557.489625116591,0.0439866056958849,2556.19084308945,10997.2391999135,"adstockedMedia","5_277_2",TRUE,0,NA,NA
"29",2016-07-18,3426.68702794861,322891.246899089,4840.80030195508,2926.87520906291,2129.68460682618,10621.8888257803,"adstockedMedia","5_277_2",TRUE,0,NA,NA
"30",2016-07-25,1192.58974083982,129050.229050769,522.15307110141,72.425983198836,2746.61108874315,17890.015326023,"adstockedMedia","5_277_2",TRUE,0,NA,NA
"31",2016-08-01,28595.3102902005,215794.685378829,56.322056819927,4653.35820786817,3101.12415353405,18793.6483151817,"adstockedMedia","5_277_2",TRUE,0,NA,NA
"32",2016-08-08,9952.02462614159,86246.8519773156,813.852958141527,115.148074074921,3350.27995420648,24465.82981308,"adstockedMedia","5_277_2",TRUE,0,NA,NA
"33",2016-08-15,32094.2827080731,34470.3552960009,87.7862739652649,1336.90691615325,857.398593356825,28909.8799336966,"adstockedMedia","5_277_2",TRUE,0,NA,NA
"34",2016-08-22,11169.7718481674,13776.7972626416,13989.2024024319,1045.22771100048,219.424154977634,30636.9839646665,"adstockedMedia","5_277_2",TRUE,0,NA,NA
"35",2016-08-29,27878.5752220492,165152.05136323,1508.94574059147,25.8643226064004,3259.22009260611,14359.5395452369,"adstockedMedia","5_277_2",TRUE,0,NA,NA
"36",2016-09-05,30964.4193508055,153816.599167602,3244.14025576246,337.311672880405,3378.84730500738,8766.5893179282,"adstockedMedia","5_277_2",TRUE,0,NA,NA
"37",2016-09-12,10776.5455519116,221591.749004309,349.929286887943,8.34682991511253,4411.13652877945,14653.9849209421,"adstockedMedia","5_277_2",TRUE,0,NA,NA
"38",2016-09-19,3750.56069085967,121258.169502565,25574.3673553448,4734.94859352758,4827.1301849548,20975.020474526,"adstockedMedia","5_277_2",TRUE,0,NA,NA
"39",2016-09-26,1305.30747799108,210838.826075953,2758.57990892037,117.167040883843,3851.1568425922,11037.5827742744,"adstockedMedia","5_277_2",TRUE,0,NA,NA
"40",2016-10-03,144990.926106142,206136.005991281,10110.7098609335,3706.37109208427,4362.09117022667,18356.5676655799,"adstockedMedia","5_277_2",TRUE,0,NA,NA
"41",2016-10-10,50461.1858564058,82386.5590791292,11814.3698029786,4087.71190581597,5507.93896263263,31231.9658981155,"adstockedMedia","5_277_2",TRUE,0,NA,NA
"42",2016-10-17,98951.3510376896,62723.2419665701,1274.35735641926,5430.62386425626,5692.0445268978,38687.769092097,"adstockedMedia","5_277_2",TRUE,0,NA,NA
"43",2016-10-24,34438.0345001728,183981.186696744,9498.43637260273,5682.92808185038,5143.47106814364,32763.3394166768,"adstockedMedia","5_277_2",TRUE,0,NA,NA
"44",2016-10-31,105980.254351523,73531.9229377169,1024.54912684846,6368.00844189345,5360.15964761103,26721.9112045944,"adstockedMedia","5_277_2",TRUE,0,NA,NA
"45",2016-11-07,36884.3034220389,171990.701740768,11654.3352448028,5714.00037622141,6298.13095393387,39811.0135133651,"adstockedMedia","5_277_2",TRUE,0,NA,NA
"46",2016-11-14,65161.2292205313,68739.675254143,1257.09522395739,4670.9566140752,1611.80817558245,34873.5229857374,"adstockedMedia","5_277_2",TRUE,0,NA,NA
"47",2016-11-21,29635.1131722091,172491.379888063,7428.6632810511,7099.6321990884,412.491517543268,32954.6517845372,"adstockedMedia","5_277_2",TRUE,0,NA,NA
"48",2016-11-28,10313.907179017,68939.7817302694,4944.22632300955,4838.63157771239,8734.16984075685,40748.2614825476,"adstockedMedia","5_277_2",TRUE,0,NA,NA
"49",2016-12-05,17843.9486775848,266633.75661963,533.309121993156,1982.76286516748,9833.3958447192,67109.1145242349,"adstockedMedia","5_277_2",TRUE,0,NA,NA
"50",2016-12-12,6210.22870060577,106565.74835918,57.5254045870589,2606.54657129448,8673.20796898764,45686.8089611614,"adstockedMedia","5_277_2",TRUE,0,NA,NA
"51",2016-12-19,2161.34563098552,377511.226509825,6.2049795070771,1289.93186699991,7783.35730645599,22208.3964913488,"adstockedMedia","5_277_2",TRUE,0,NA,NA
"52",2016-12-26,108473.226361514,150880.24441107,0.669300302355601,5979.14970325519,11074.7891166341,9189.91325717652,"adstockedMedia","5_277_2",TRUE,0,NA,NA
"53",2017-01-02,78806.2790314914,513998.440179092,27998.2055274307,5195.6942907786,9622.21462074294,50078.5025258381,"adstockedMedia","5_277_2",TRUE,0,NA,NA
"54",2017-01-09,27426.9459452153,205430.209316204,3020.02728672199,5219.74120553577,9837.81633414952,41233.1530427996,"adstockedMedia","5_277_2",TRUE,0,NA,NA
"55",2017-01-16,15458.6921660985,82104.4727003355,1861.39977914293,4991.92957708938,9741.16360855996,51375.5593314636,"adstockedMedia","5_277_2",TRUE,0,NA,NA
"56",2017-01-23,5380.08797819119,32814.7669217626,10981.7577212996,7651.86538188707,9654.79505674205,33964.2319745381,"adstockedMedia","5_277_2",TRUE,0,NA,NA
"57",2017-01-30,42117.3917906113,13115.1067988676,1184.54762902579,5400.52720487887,10418.9154279084,40614.6175470413,"adstockedMedia","5_277_2",TRUE,0,NA,NA
"58",2017-02-06,14658.114076582,5241.72628608947,127.771265861123,133.636887351492,7870.29708773551,19869.1760956702,"adstockedMedia","5_277_2",TRUE,0,NA,NA
"59",2017-02-13,5101.46281968931,129818.698695007,13.7820514597463,7657.21814267197,2014.15456157694,27123.4691262483,"adstockedMedia","5_277_2",TRUE,0,NA,NA
"60",2017-02-20,1775.46188852836,51884.7536517434,10692.5088236201,189.479056310208,515.459397872417,29942.7259741459,"adstockedMedia","5_277_2",TRUE,0,NA,NA
"61",2017-02-27,617.913925678413,20736.8251920833,1153.34778792203,12386.6275651977,4511.69798020721,38192.7280576484,"adstockedMedia","5_277_2",TRUE,0,NA,NA
"62",2017-03-06,215.052557317233,8287.90518951556,14152.1836718338,306.509029544336,6575.56752588413,27114.9501899835,"adstockedMedia","5_277_2",TRUE,0,NA,NA
"63",2017-03-13,10435.724732392,3312.43436708057,1526.52572014895,7.58461370520034,6489.47369998497,36529.7613891923,"adstockedMedia","5_277_2",TRUE,0,NA,NA
"64",2017-03-20,3631.94483551351,1323.88356108328,20018.4809652341,0.187682448189644,5138.11234055462,36892.6666516555,"adstockedMedia","5_277_2",TRUE,0,NA,NA
"65",2017-03-27,1264.02560689139,25005.3843756015,2159.29405527439,2702.77703068002,6670.4530467792,40741.7035717282,"adstockedMedia","5_277_2",TRUE,0,NA,NA
"66",2017-04-03,439.918778295883,9993.92399813919,232.912318634003,66.8806388492746,5437.77991118687,17078.5659044165,"adstockedMedia","5_277_2",TRUE,0,NA,NA
"67",2017-04-10,153.104913731365,504355.880406985,25.1230942997127,1.65497183160598,4362.76220703897,7763.29238332952,"adstockedMedia","5_277_2",TRUE,0,NA,NA
"68",2017-04-17,7522.33842995843,201576.358958919,2.70990332711457,0.040952535898795,4296.00493421571,14983.0707361388,"adstockedMedia","5_277_2",TRUE,0,NA,NA
"69",2017-04-24,2617.99912437994,376718.867600235,0.292303804407987,0.00101337688322745,4149.40945086784,23719.9140451509,"adstockedMedia","5_277_2",TRUE,0,NA,NA
"70",2017-05-01,37534.0621240977,150563.561627764,0.0315293587105036,2.50761689092371e-05,3649.70491988245,15270.3386887536,"adstockedMedia","5_277_2",TRUE,0,NA,NA
"71",2017-05-08,13062.9780473534,366522.004625487,0.00340091523170216,6.20513707754921e-07,3095.45170420088,14989.5558190876,"adstockedMedia","5_277_2",TRUE,0,NA,NA
"72",2017-05-15,4546.30769516637,146488.17242125,0.000366839824413258,1.53547084048364e-08,792.183331919328,25227.0882078173,"adstockedMedia","5_277_2",TRUE,0,NA,NA
"73",2017-05-22,1582.25127411253,99553.4568983833,3.95691887645776e-05,4021.2869091082,202.734363621033,29205.7299818455,"adstockedMedia","5_277_2",TRUE,0,NA,NA
"74",2017-05-29,550.670843746994,39788.6178052617,7174.71111537924,99.5073712794259,2219.66416704547,17128.3071770184,"adstockedMedia","5_277_2",TRUE,0,NA,NA
"75",2017-06-05,9317.11661703445,58389.2852573768,773.900431638887,3342.86367102387,2756.67373666549,8644.6234777332,"adstockedMedia","5_277_2",TRUE,0,NA,NA
"76",2017-06-12,3242.63570062173,23336.4970680983,83.4767934846946,82.7196825214458,3279.53699178987,8153.58498427976,"adstockedMedia","5_277_2",TRUE,0,NA,NA
"77",2017-06-19,37388.2143652051,9326.91833799345,9.00422685606912,287.412423342937,3963.49650983655,8348.75127665111,"adstockedMedia","5_277_2",TRUE,0,NA,NA
"78",2017-06-26,13012.2186580187,162359.697667296,4660.39346342462,7.11206520855974,3439.87118612961,4292.59931641562,"adstockedMedia","5_277_2",TRUE,0,NA,NA
"79",2017-07-03,9089.40190705146,64890.4433731097,10075.7601486691,6518.42889773142,5307.39161538424,12645.2452676055,"adstockedMedia","5_277_2",TRUE,0,NA,NA
"80",2017-07-10,3163.38415977511,25934.8206584333,1086.82217342945,161.299538964989,5507.07463977562,11727.3581826333,"adstockedMedia","5_277_2",TRUE,0,NA,NA
"81",2017-07-17,10964.7524548092,118546.725949279,25074.7412177461,3.9913822300605,5266.13951960526,6918.63707431899,"adstockedMedia","5_277_2",TRUE,0,NA,NA
"82",2017-07-24,3816.06233128387,47379.6743761047,2704.6877204646,0.0987673753357764,5394.68979273158,17802.8099043798,"adstockedMedia","5_277_2",TRUE,0,NA,NA
"83",2017-07-31,12713.0240111267,224376.276189915,1744.18566728325,0.00244401409548046,5818.64360954386,16962.757420355,"adstockedMedia","5_277_2",TRUE,0,NA,NA
"84",2017-08-07,4424.51320679743,194542.797268781,9655.38108424245,6.04775096898169e-05,7751.61864959336,15522.2853977613,"adstockedMedia","5_277_2",TRUE,0,NA,NA
"85",2017-08-14,35586.9164768302,77753.0911377094,1041.4779729202,1.49652540263393e-06,1983.78255466536,25434.1244422818,"adstockedMedia","5_277_2",TRUE,0,NA,NA
"86",2017-08-21,12385.3130304107,31075.646419931,11460.5168308523,1676.68808844241,507.686639667327,29286.1910714812,"adstockedMedia","5_277_2",TRUE,0,NA,NA
"87",2017-08-28,122199.579968093,12420.0309760832,1236.18899486973,1276.02702559225,8336.07573643456,45093.5770026222,"adstockedMedia","5_277_2",TRUE,0,NA,NA
"88",2017-09-04,42529.1146277014,4963.92471977445,133.341563351065,31.5754876158162,7361.41765756077,37524.8470422911,"adstockedMedia","5_277_2",TRUE,0,NA,NA
"89",2017-09-11,63670.6726247594,152148.736164977,4624.73844732267,704.592868025269,7367.44819586329,16848.3896624187,"adstockedMedia","5_277_2",TRUE,0,NA,NA
"90",2017-09-18,22159.3014901382,60809.4193956632,498.847552611293,17.4352603293792,8321.83737490017,22471.8383257473,"adstockedMedia","5_277_2",TRUE,0,NA,NA
"91",2017-09-25,91375.9407567289,168867.487544135,53.8082063625325,2749.30526501289,10646.6162556126,33069.2954179908,"adstockedMedia","5_277_2",TRUE,0,NA,NA
"92",2017-10-02,143106.018115075,125854.617485247,5.80402380806898,68.0319872592202,10854.3668956231,42361.8157688605,"adstockedMedia","5_277_2",TRUE,0,NA,NA
"93",2017-10-09,94442.9680749748,377536.692489743,18505.5593845371,5041.73980303582,9229.03203210995,31921.1947858079,"adstockedMedia","5_277_2",TRUE,0,NA,NA
"94",2017-10-16,32868.982169085,150890.422421694,1996.10272317637,4013.28889687744,10851.5143536588,56371.6261049314,"adstockedMedia","5_277_2",TRUE,0,NA,NA
"95",2017-10-23,55799.8971353563,106397.708033563,215.309680657449,5677.18608596975,10868.0336273795,56923.8678313033,"adstockedMedia","5_277_2",TRUE,0,NA,NA
"96",2017-10-30,24065.2624974211,42524.0656848752,23.2243852215398,5957.37114554058,11313.5855558435,26871.4871280709,"adstockedMedia","5_277_2",TRUE,0,NA,NA
"97",2017-11-06,29524.4456184998,335519.897454138,23042.416210126,3613.51715663691,12111.3781078321,36386.1436364197,"adstockedMedia","5_277_2",TRUE,0,NA,NA
"98",2017-11-13,10275.3915549985,134097.532941421,2485.47092199918,8391.32637600512,3099.52562030817,33542.5059158401,"adstockedMedia","5_277_2",TRUE,0,NA,NA
"99",2017-11-20,58803.4774199263,158899.945770471,1614.18428512554,3382.49835763651,793.225922385674,32437.3747772314,"adstockedMedia","5_277_2",TRUE,0,NA,NA
"100",2017-11-27,20465.3717496613,63507.6812851565,9775.8918145542,3166.59074161551,13120.7048405703,54075.2306255145,"adstockedMedia","5_277_2",TRUE,0,NA,NA
"101",2017-12-04,36046.1091277416,113224.304250138,1054.47686649313,2029.01988405132,14001.7698393239,37151.4130250889,"adstockedMedia","5_277_2",TRUE,0,NA,NA
"102",2017-12-11,12545.1258292101,45252.4574076197,113.741179123297,2776.32067436456,13116.4807807457,52222.260921989,"adstockedMedia","5_277_2",TRUE,0,NA,NA
"103",2017-12-18,68115.1329430073,109927.689510468,12.2686957290799,1330.40893959964,14721.4353410553,63546.288058591,"adstockedMedia","5_277_2",TRUE,0,NA,NA
"104",2017-12-25,114121.826825986,43934.8964909576,15035.7678076806,6024.59681786927,14271.4502007733,82219.1774238362,"adstockedMedia","5_277_2",TRUE,0,NA,NA
"105",2018-01-01,39717.8145446352,17559.4987783979,6913.52243859705,3898.62745779271,15309.968428762,109570.0763375,"adstockedMedia","5_277_2",TRUE,0,NA,NA
"106",2018-01-08,13822.989309551,10965.2203431688,745.727307111595,5893.38332509443,15766.1018256827,117109.535160499,"adstockedMedia","5_277_2",TRUE,0,NA,NA
"107",2018-01-15,43900.0543824789,4382.47927272035,15561.1045652214,145.832688857359,15223.5829829448,55906.6168137475,"adstockedMedia","5_277_2",TRUE,0,NA,NA
"108",2018-01-22,15278.5340627378,58562.7493510159,21025.9212371845,3.60865261365408,11758.9761752793,31467.1499277143,"adstockedMedia","5_277_2",TRUE,0,NA,NA
"109",2018-01-29,30486.5875611281,23405.8256151902,2267.96163070354,0.0892966713297715,11913.2424773387,25762.1693406351,"adstockedMedia","5_277_2",TRUE,0,NA,NA
"110",2018-02-05,10610.2457744389,9354.62693947425,4991.43374994704,772.221248535256,14346.056128091,66114.0262614336,"adstockedMedia","5_277_2",TRUE,0,NA,NA
"111",2018-02-12,12857.8967197003,57924.3719884551,538.401152528737,19.1087351449143,3671.42104915727,45095.7387823358,"adstockedMedia","5_277_2",TRUE,0,NA,NA
"112",2018-02-19,4474.93324941099,23150.6847724127,6369.49687883714,0.472848629238167,939.584538066958,36927.3410271373,"adstockedMedia","5_277_2",TRUE,0,NA,NA
"113",2018-02-26,13913.5174954535,65423.8545741133,10689.8459736404,0.0117007130234845,9050.24367492378,33676.1791743971,"adstockedMedia","5_277_2",TRUE,0,NA,NA
"114",2018-03-05,4842.32090317473,26148.009582967,1153.06055952836,0.000289535967310547,10294.6429867334,31165.6707555441,"adstockedMedia","5_277_2",TRUE,0,NA,NA
"115",2018-03-12,54805.5260716603,101054.864687858,20611.1749121567,7.16461263499046e-06,9029.24640617278,20823.0046194063,"adstockedMedia","5_277_2",TRUE,0,NA,NA
"116",2018-03-19,19073.9649116773,40388.686778921,2223.22500580004,1.77289456250553e-07,8544.5120631655,21071.5044135398,"adstockedMedia","5_277_2",TRUE,0,NA,NA
"117",2018-03-26,26382.1511983305,98057.3820192867,3228.9637881032,4.38705522530441e-09,7346.22076348737,32099.0796060994,"adstockedMedia","5_277_2",TRUE,0,NA,NA
"118",2018-04-02,9181.77896136882,39190.6802405904,348.292276744486,1.08558365268327e-10,8343.67939178412,23041.7579962997,"adstockedMedia","5_277_2",TRUE,0,NA,NA
"119",2018-04-09,3195.53414206686,26920.9736909079,37.5685569738512,2.68629366727743e-12,8609.95222936601,50283.7849452519,"adstockedMedia","5_277_2",TRUE,0,NA,NA
"120",2018-04-16,1112.14161178115,10759.5292670388,4.05233353518468,1823.23444834199,8086.70865207714,41157.9325422278,"adstockedMedia","5_277_2",TRUE,0,NA,NA
"121",2018-04-23,387.05859792666,162653.870539151,0.437105079436831,45.116220573488,6365.88440155313,18524.3261711204,"adstockedMedia","5_277_2",TRUE,0,NA,NA
"122",2018-04-30,134.707987401908,65008.0157039116,0.0471483526246246,12668.8927203273,4972.3465114153,14035.1623705415,"adstockedMedia","5_277_2",TRUE,0,NA,NA
"123",2018-05-07,46.8824151357847,85655.9442287759,0.00508565848303576,313.49372479876,6590.70088025581,5784.52567985807,"adstockedMedia","5_277_2",TRUE,0,NA,NA
"124",2018-05-14,16.3164849490798,34234.1866756705,6803.64499300915,12601.3502668478,1686.68222990498,21649.7107644556,"adstockedMedia","5_277_2",TRUE,0,NA,NA
"125",2018-05-21,952.785292230697,39970.9408754702,733.875373117265,311.822376260986,431.653172608677,27815.4434560325,"adstockedMedia","5_277_2",TRUE,0,NA,NA
"126",2018-05-28,331.597824799786,15975.2211461039,4284.58171155793,1298.10298265455,4542.90767655689,39377.9961099143,"adstockedMedia","5_277_2",TRUE,0,NA,NA
"127",2018-06-04,115.405976885426,6384.83070643813,462.156536011484,32.1217606138386,6790.63302069401,42011.5843357038,"adstockedMedia","5_277_2",TRUE,0,NA,NA
"128",2018-06-11,8354.8447372353,2551.83091220101,5474.51719541302,0.794857972533707,5458.08461550175,24002.0833326154,"adstockedMedia","5_277_2",TRUE,0,NA,NA
"129",2018-06-18,2907.73625915329,18482.8258416654,590.508962996861,0.0196688844081667,7007.11275955921,32682.9989537301,"adstockedMedia","5_277_2",TRUE,0,NA,NA
"130",2018-06-25,1011.97932681064,7387.0472838114,10447.8286005017,3402.09608125218,6430.70179464626,29690.6882584891,"adstockedMedia","5_277_2",TRUE,0,NA,NA
"131",2018-07-02,14974.1457888079,171053.721027765,1126.95534824889,84.1853977438574,5364.1208365756,26191.7779124311,"adstockedMedia","5_277_2",TRUE,0,NA,NA
"132",2018-07-09,5211.45132307659,68365.1913472845,11609.4701838629,8914.64125914099,6432.56283050939,25321.9862812241,"adstockedMedia","5_277_2",TRUE,0,NA,NA
"133",2018-07-16,10669.5278493588,86841.4429084964,1252.25585280104,220.594187295369,6996.81492451296,18853.9566479865,"adstockedMedia","5_277_2",TRUE,0,NA,NA
"134",2018-07-23,13442.2086577175,34707.9959771817,5307.74128213484,5.45863754400741,7317.42041852261,29804.2676146037,"adstockedMedia","5_277_2",TRUE,0,NA,NA
"135",2018-07-30,4678.29130838925,13871.7753230031,572.519674062803,0.135074836749666,10953.6118427977,20488.9185855685,"adstockedMedia","5_277_2",TRUE,0,NA,NA
"136",2018-08-06,14669.6788587518,98118.5446616043,7261.88818530629,0.00334244788664872,11773.6310869365,67280.6675935059,"adstockedMedia","5_277_2",TRUE,0,NA,NA
"137",2018-08-13,5105.48771033682,39215.1251677175,783.303788925418,4739.77308944628,3013.08991207348,45549.1339720009,"adstockedMedia","5_277_2",TRUE,0,NA,NA
"138",2018-08-20,63339.9826710495,122105.143616464,84.4910869030459,117.286423787245,771.10542628708,37103.5453089163,"adstockedMedia","5_277_2",TRUE,0,NA,NA
"139",2018-08-27,22044.2114795897,48801.8702994026,9.11363364634225,3809.19132279697,9791.70803197172,62439.6579532305,"adstockedMedia","5_277_2",TRUE,0,NA,NA
"140",2018-09-03,19333.4593185777,87718.0198205829,773.427486813576,94.2590329412695,13424.8922268981,95121.1045704959,"adstockedMedia","5_277_2",TRUE,0,NA,NA
"141",2018-09-10,6728.62302574592,35058.3382437242,619.425779276796,2.33245446030774,14041.5390256106,83192.1895399822,"adstockedMedia","5_277_2",TRUE,0,NA,NA
"142",2018-09-17,2341.76238595302,60132.3302585869,9751.88104709838,3593.01492532754,14562.5086621826,107326.220845858,"adstockedMedia","5_277_2",TRUE,0,NA,NA
"143",2018-09-24,1702.93679708533,53353.1413990059,1051.88694433471,88.9097142950131,15020.1616086085,42757.4991214478,"adstockedMedia","5_277_2",TRUE,0,NA,NA
"144",2018-10-01,157296.113021183,47550.8970163877,2811.90626153572,990.912980711024,16226.0092240884,51085.9703496951,"adstockedMedia","5_277_2",TRUE,0,NA,NA
"145",2018-10-08,54743.7595359693,19004.7088933697,2893.12857623918,1787.95485868368,16900.9770781662,42085.6881723391,"adstockedMedia","5_277_2",TRUE,0,NA,NA
"146",2018-10-15,63541.9883068834,70702.8287427607,1351.17851256215,3147.54614000792,14982.1336065016,65764.8825206285,"adstockedMedia","5_277_2",TRUE,0,NA,NA
"147",2018-10-22,22114.5154924518,28257.8618386707,145.74491115769,77.8865197764143,15216.8128206012,75133.396196009,"adstockedMedia","5_277_2",TRUE,0,NA,NA
"148",2018-10-29,32986.487221189,11293.8445305862,2143.85411258706,7946.00981730222,18214.6876901316,71475.3087180985,"adstockedMedia","5_277_2",TRUE,0,NA,NA
"149",2018-11-05,11480.2857469842,149905.820791158,1686.75799985977,196.625251306827,18494.6842908873,53109.6556185013,"adstockedMedia","5_277_2",TRUE,0,NA,NA
"150",2018-11-12,61346.40336107,59912.9914326489,181.942202713039,10162.8199200693,4733.13171207545,40041.8126680824,"adstockedMedia","5_277_2",TRUE,0,NA,NA
"151",2018-11-19,21350.3861569849,70998.811390583,19.6252012030324,251.480562787437,1211.29592976574,34963.2191276885,"adstockedMedia","5_277_2",TRUE,0,NA,NA
"152",2018-11-26,60955.7739876781,28376.1574842274,15131.5835395885,5711.75303766754,18576.7074143303,13888.8568090355,"adstockedMedia","5_277_2",TRUE,0,NA,NA
"153",2018-12-03,21214.4354327494,64900.057188774,1632.16871653075,141.338219088082,18069.1667817422,40229.6665270195,"adstockedMedia","5_277_2",TRUE,0,NA,NA
"154",2018-12-10,7383.25906289486,25938.6630206077,6458.720594681,3.49743625875471,22337.7612797184,84426.5714691784,"adstockedMedia","5_277_2",TRUE,0,NA,NA
"155",2018-12-17,2569.59533816612,25730.661629554,696.670092450739,0.0865446052948287,19025.6713420947,70009.9422593903,"adstockedMedia","5_277_2",TRUE,0,NA,NA
"156",2018-12-24,158940.86948977,10283.7961970506,7527.10189616596,8382.49998753657,22416.8710365233,108073.166020276,"adstockedMedia","5_277_2",TRUE,0,NA,NA
"157",2018-12-31,106696.090726562,4110.13388404291,811.911073875316,207.426268595833,17944.8284314282,96011.7865814533,"adstockedMedia","5_277_2",TRUE,0,NA,NA
"158",2019-01-07,35798.750818073,1853.15370245468,993.83969066875,1719.29032588415,19063.8319079008,132604.537843473,"adstockedMedia","1_112_2",TRUE,1,3,FALSE
"159",2019-01-07,35798.750818073,1853.15370245468,993.83969066875,1719.29032588415,19063.8319079008,132604.537843473,"adstockedMedia","1_112_2",TRUE,1,3,FALSE
"160",2019-01-14,23747.9220424071,726.764348254646,843.912437441303,33.970440570005,18191.3631317701,131345.23960337,"adstockedMedia","1_112_2",TRUE,1,3,FALSE
"161",2019-01-14,23747.9220424071,726.764348254646,843.912437441303,33.970440570005,18191.3631317701,131345.23960337,"adstockedMedia","1_112_2",TRUE,1,3,FALSE
"162",2019-01-21,8069.23423498582,27560.2202965865,3012.61015295417,2697.58796790484,18578.6364594646,50865.5864796355,"adstockedMedia","1_112_2",TRUE,1,3,FALSE
"163",2019-01-21,8069.23423498582,27560.2202965865,3012.61015295417,2697.58796790484,18578.6364594646,50865.5864796355,"adstockedMedia","1_112_2",TRUE,1,3,FALSE
"164",2019-01-28,34418.2205695132,10808.4858342143,329.807697795465,53.3000450048753,18804.9516387539,39438.9375503672,"adstockedMedia","1_112_2",TRUE,1,3,FALSE
"165",2019-01-28,34418.2205695132,10808.4858342143,329.807697795465,53.3000450048753,18804.9516387539,39438.9375503672,"adstockedMedia","1_112_2",TRUE,1,3,FALSE
"166",2019-02-04,11694.8625328508,4238.84006627043,4308.15038314961,1.05312406168841,21655.0922415117,70820.5025133529,"adstockedMedia","1_112_2",TRUE,1,3,FALSE
"167",2019-02-04,11694.8625328508,4238.84006627043,4308.15038314961,1.05312406168841,21655.0922415117,70820.5025133529,"adstockedMedia","1_112_2",TRUE,1,3,FALSE
"168",2019-02-11,16696.6017866109,1662.37578352951,1663.54902225269,2078.56658338058,5741.43078273624,46488.8959097939,"adstockedMedia","1_112_2",TRUE,1,3,FALSE
"169",2019-02-11,16696.6017866109,1662.37578352951,1663.54902225269,2078.56658338058,5741.43078273624,46488.8959097939,"adstockedMedia","1_112_2",TRUE,1,3,FALSE
"170",2016-01-04,74044.7028271442,144069.698666419,43628.4687918209,18777.9500836231,4710.12456512166,79548.5741882136,"decompMedia","5_277_2",TRUE,0,NA,NA
"171",2016-01-11,42265.6822715082,114984.000318983,143902.188908467,26134.7826543136,4328.2233488806,72563.0998706283,"decompMedia","5_277_2",TRUE,0,NA,NA
"172",2016-01-18,15793.5209916334,87136.0936440173,34816.1540728129,16027.3833938406,2744.57227851165,70935.3437721559,"decompMedia","5_277_2",TRUE,0,NA,NA
"173",2016-01-25,5756.36820267493,62987.2873923853,98531.8295698895,13676.9670904473,1365.98586343958,60948.4456863099,"decompMedia","5_277_2",TRUE,0,NA,NA
"174",2016-02-01,77708.2035305956,90643.7960945589,19278.6241842908,40.6494644237039,2031.04548247576,45194.7840808516,"decompMedia","5_277_2",TRUE,0,NA,NA
"175",2016-02-08,30052.5904168534,65905.7238007338,56272.9842533227,14480.1714012607,1270.69004273672,41266.5766656894,"decompMedia","5_277_2",TRUE,0,NA,NA
"176",2016-02-15,228562.595844781,46022.5385136265,38854.5788657484,4960.41162148653,25.5215887558246,58689.7027291705,"decompMedia","5_277_2",TRUE,0,NA,NA
"177",2016-02-22,103846.289191022,31147.1397254951,6073.88786332335,12.6266919247877,0.507187348013379,65062.0272428806,"decompMedia","5_277_2",TRUE,0,NA,NA
"178",2016-02-29,184162.159839816,20604.5259713701,855.066109899027,13508.1872678648,221.273108705631,25511.3909691665,"decompMedia","5_277_2",TRUE,0,NA,NA
"179",2016-03-07,79578.5579727299,13415.9897756424,120216.447289023,40.0179652440137,1598.72642928873,27378.3566865501,"decompMedia","5_277_2",TRUE,0,NA,NA
"180",2016-03-14,111075.209018035,87370.5103831736,25888.4556760133,0.0942302538378134,762.906848309553,21214.6092474066,"decompMedia","5_277_2",TRUE,0,NA,NA
"181",2016-03-21,44418.810479217,63181.2663018051,3877.60264700736,0.000221749002687166,956.437080157124,23822.0963660738,"decompMedia","5_277_2",TRUE,0,NA,NA
"182",2016-03-28,16632.2171312698,102362.437213266,108314.535979086,34922.9486492929,746.399514416423,30979.4949997195,"decompMedia","5_277_2",TRUE,0,NA,NA
"183",2016-04-04,6066.78345239985,75907.947266742,22104.4721133776,898.495929336852,400.820968773384,32419.3581547612,"decompMedia","5_277_2",TRUE,0,NA,NA
"184",2016-04-11,2191.3851327852,104375.436839116,3270.88291090724,2.14372161828437,305.351689544656,17654.074166392,"decompMedia","5_277_2",TRUE,0,NA,NA
"185",2016-04-18,54454.0176403285,77666.3259045732,456.583743316647,11230.3122271845,487.417822084945,32438.6411898524,"decompMedia","5_277_2",TRUE,0,NA,NA
"186",2016-04-25,20587.1184683949,55275.084890596,63.199648136393,31.8780922755333,275.827957749206,25560.9023074881,"decompMedia","5_277_2",TRUE,0,NA,NA
"187",2016-05-02,7537.10977222286,37953.5758668334,103373.768621918,0.0750539984515517,187.046635325851,20740.1904081941,"decompMedia","5_277_2",TRUE,0,NA,NA
"188",2016-05-09,2726.17518798961,92073.100263809,20647.5295577328,0.000176622090758362,248.745914009344,10828.7652401564,"decompMedia","5_277_2",TRUE,0,NA,NA
"189",2016-05-16,981.701361182408,67104.7195087745,3041.1644196253,22959.4812694213,4.95266608101559,47607.1520146396,"decompMedia","5_277_2",TRUE,0,NA,NA
"190",2016-05-23,352.947189992581,121031.120127066,424.224101080422,83.0632036151248,0.0984065605084449,60978.8483624684,"decompMedia","5_277_2",TRUE,0,NA,NA
"191",2016-05-30,126.820579512985,92691.8251250513,58.7148066602594,0.195717159564846,135.79868020489,43405.7037297828,"decompMedia","5_277_2",TRUE,0,NA,NA
"192",2016-06-06,45.5595833747103,67625.5239697628,8.11758284082821,0.000460575560709189,107.897177499807,25143.1731296064,"decompMedia","5_277_2",TRUE,0,NA,NA
"193",2016-06-13,16.3658067525735,47353.780660575,1.12212272827739,1.08385599413271e-06,268.841157884954,24851.4446954071,"decompMedia","5_277_2",TRUE,0,NA,NA
"194",2016-06-20,91655.5588526639,119700.202803574,0.155111835974944,14040.9689263446,278.656724374429,12532.13775872,"decompMedia","5_277_2",TRUE,0,NA,NA
"195",2016-06-27,35941.011317303,91458.9631248688,0.0214411594621403,42.0254477780417,186.579191120416,11186.6875533834,"decompMedia","5_277_2",TRUE,0,NA,NA
"196",2016-07-04,60200.0865561335,66588.8397891387,58472.2125328956,0.0989602967630965,237.723982782504,12257.9281943531,"decompMedia","5_277_2",TRUE,0,NA,NA
"197",2016-07-11,22886.3125264027,46550.4387264113,9787.41404002747,0.000232880076189008,491.985695692583,22756.3880696584,"decompMedia","5_277_2",TRUE,0,NA,NA
"198",2016-07-18,18141.6668612695,149130.753218569,55804.4566002106,14189.2558093032,291.585827166914,21870.0420204448,"decompMedia","5_277_2",TRUE,0,NA,NA
"199",2016-07-25,6626.67785536217,120135.052336995,9251.83870368728,42.5915715121175,604.291708097359,38974.2462367336,"decompMedia","5_277_2",TRUE,0,NA,NA
"200",2016-08-01,120688.262385048,136493.438676183,1315.12911356989,24319.2158018693,854.843994865468,41061.2195075064,"decompMedia","5_277_2",TRUE,0,NA,NA
"201",2016-08-08,48740.9692733529,107448.763543774,13515.8501552174,90.87448804873,1065.5816895989,53791.6607653722,"decompMedia","5_277_2",TRUE,0,NA,NA
"202",2016-08-15,132283.906134092,80374.3134262499,1946.67660694076,4667.58688188856,21.3644893025796,63242.0374587286,"decompMedia","5_277_2",TRUE,0,NA,NA
"203",2016-08-22,54069.8037070007,57456.0536984756,110018.149330112,3195.88468906209,0.424558871621445,66779.464699713,"decompMedia","5_277_2",TRUE,0,NA,NA
"204",2016-08-29,118248.999301745,127987.398476222,22621.6272202782,7.90539072821298,985.105522247215,30709.2559236982,"decompMedia","5_277_2",TRUE,0,NA,NA
"205",2016-09-05,128594.967979811,125721.763794816,41498.9569265353,523.87210066685,1091.66689774362,17514.1823746332,"decompMedia","5_277_2",TRUE,0,NA,NA
"206",2016-09-12,52360.6136286276,137333.247968564,6545.5768386761,1.24272068903198,2324.29118491246,31403.7783072571,"decompMedia","5_277_2",TRUE,0,NA,NA
"207",2016-09-19,19755.7970497217,118158.631934543,148105.223884661,24755.7111295068,2993.97789363,46037.4585796663,"decompMedia","5_277_2",TRUE,0,NA,NA
"208",2016-09-26,7227.14597600752,135756.73824104,36635.8956073669,93.4920724832919,1583.43185230285,22851.7176546577,"decompMedia","5_277_2",TRUE,0,NA,NA
"209",2016-10-03,350968.546521507,135040.911442881,91130.1717618573,18945.5647104381,2252.19166865172,40053.4941660324,"decompMedia","5_277_2",TRUE,0,NA,NA
"210",2016-10-10,185819.483406803,106027.564274167,99980.5214120833,21174.0068895599,4323.58021507982,67980.1894989116,"decompMedia","5_277_2",TRUE,0,NA,NA
"211",2016-10-17,286856.623310884,97687.9291972778,19682.3000905399,28292.5287521968,4734.70282356287,82245.8895001886,"decompMedia","5_277_2",TRUE,0,NA,NA
"212",2016-10-24,139774.256412066,131426.1640392,87701.1412135453,29492.5753572128,3574.91366844234,71028.220254345,"decompMedia","5_277_2",TRUE,0,NA,NA
"213",2016-10-31,298184.287874749,102522.809266752,16410.1006220633,32532.3591219112,4009.64526188853,58650.892006616,"decompMedia","5_277_2",TRUE,0,NA,NA
"214",2016-11-07,147368.472835869,129280.080920409,99189.0864156474,29637.3314036061,6247.0943390123,84270.9603100512,"decompMedia","5_277_2",TRUE,0,NA,NA
"215",2016-11-14,221554.022784021,100463.370173564,19461.1550032737,24413.742164246,131.058132850789,75128.1036491721,"decompMedia","5_277_2",TRUE,0,NA,NA
"216",2016-11-21,124187.653432839,129372.680081131,74952.2703879374,35441.3855574831,2.60683352530225,71404.7082126993,"decompMedia","5_277_2",TRUE,0,NA,NA
"217",2016-11-28,50335.6711277851,100551.905895004,56655.4465101874,25303.9159134,14751.9368930979,85936.3239773851,"decompMedia","5_277_2",TRUE,0,NA,NA
"218",2016-12-05,81548.0782167364,143166.638582848,9421.57005437722,8355.76309641675,19721.5303410848,124647.783347703,"decompMedia","5_277_2",TRUE,0,NA,NA
"219",2016-12-12,31657.5189302541,114074.88859614,1339.9527546403,12194.3356840753,14494.6803700466,94353.186002931,"decompMedia","5_277_2",TRUE,0,NA,NA
"220",2016-12-19,11711.1365557857,153928.469904847,185.964304684514,4420.17254272761,10986.0534092257,48808.2813052265,"decompMedia","5_277_2",TRUE,0,NA,NA
"221",2016-12-26,302048.69778052,125107.72562388,25.7201423915459,30845.7368830737,25955.0410462208,18503.1400739762,"decompMedia","5_277_2",TRUE,0,NA,NA
"222",2017-01-02,250364.613822634,163161.665459149,153912.610028379,27135.5054808304,18721.2796084643,101351.250706763,"decompMedia","5_277_2",TRUE,0,NA,NA
"223",2017-01-09,116700.410917503,134932.028687561,39288.7146745459,27255.6936084625,19742.6791375894,86789.270414181,"decompMedia","5_277_2",TRUE,0,NA,NA
"224",2017-01-16,72042.9297330733,105921.329054909,26830.3587138536,26101.0224186774,19282.2225524152,103334.303650723,"decompMedia","5_277_2",TRUE,0,NA,NA
"225",2017-01-23,27706.7890592535,79024.8951927436,95775.2699590932,37423.3238763431,18874.2840754662,73375.6696911693,"decompMedia","5_277_2",TRUE,0,NA,NA
"226",2017-01-30,162895.586055618,56366.8415315989,18523.9759255519,28146.4399807433,22592.75430145,85700.2049118937,"decompMedia","5_277_2",TRUE,0,NA,NA
"227",2017-02-06,68776.9751275521,38769.7945742852,2710.12003234084,115.898722322404,11307.7357800361,43526.2577723929,"decompMedia","5_277_2",TRUE,0,NA,NA
"228",2017-02-13,26366.275695787,120323.659932341,377.669565283648,37441.6868253374,248.475645273024,59502.5861489019,"decompMedia","5_277_2",TRUE,0,NA,NA
"229",2017-02-20,9705.2809272005,92035.771057603,94261.790209311,204.912943987689,4.94727353052911,65366.7691957519,"decompMedia","5_277_2",TRUE,0,NA,NA
"230",2017-02-27,3517.43922527941,67073.3325018299,18116.9668291948,48847.5899454326,2476.58693658427,81343.2087456371,"decompMedia","5_277_2",TRUE,0,NA,NA
"231",2017-03-06,1267.55839848107,46925.5470140536,110720.766690438,448.423995987873,7021.38206729892,59484.5597513733,"decompMedia","5_277_2",TRUE,0,NA,NA
"232",2017-03-13,50870.3473049104,31802.8064795077,22837.1975464855,1.06251371233658,6775.58684182189,78264.9049607106,"decompMedia","5_277_2",TRUE,0,NA,NA
"233",2017-03-20,19166.028516996,21059.19092097,132393.925475298,0.00250041594594261,3564.54499765619,78942.7431443423,"decompMedia","5_277_2",TRUE,0,NA,NA
"234",2017-03-27,7007.53822387624,71805.4814561611,30218.6046169105,12794.0130072005,7298.02369014507,85924.7480430661,"decompMedia","5_277_2",TRUE,0,NA,NA
"235",2017-04-03,2533.39126585623,50620.1824757486,4590.33571437141,37.3904494782039,4172.76209055178,37088.925943667,"decompMedia","5_277_2",TRUE,0,NA,NA
"236",2017-04-10,912.117962542196,162605.575570259,643.320081673139,0.0880397218297918,2253.16856077503,15187.2611027855,"decompMedia","5_277_2",TRUE,0,NA,NA
"237",2017-04-17,37777.3471852443,134330.62078808,89.0970455696704,0.000207181004800233,2157.27772858391,32179.1566015253,"decompMedia","5_277_2",TRUE,0,NA,NA
"238",2017-04-24,14056.224183132,153864.458439584,12.3191774729291,4.87551646707318e-07,1955.79079176498,52158.0587583572,"decompMedia","5_277_2",TRUE,0,NA,NA
"239",2017-05-01,149348.548670236,125040.795137668,1.70294560958356,1.14733784445262e-09,1359.44775547271,32855.1896465854,"decompMedia","5_277_2",TRUE,0,NA,NA
"240",2017-05-08,62150.5057125541,153027.180393926,0.23539981005682,2.69998909488592e-12,850.388882952361,32194.4267552647,"decompMedia","5_277_2",TRUE,0,NA,NA
"241",2017-05-15,23672.5757525138,124166.802728972,0.0325393999768018,6.35378772499282e-15,17.0186451633595,55445.183697048,"decompMedia","5_277_2",TRUE,0,NA,NA
"242",2017-05-22,8691.76317023749,111933.18591661,0.00449793018422128,20791.675954455,0.338185040819411,63853.4596445909,"decompMedia","5_277_2",TRUE,0,NA,NA
"243",2017-05-29,3147.16617975175,84377.2284999836,73248.6143419766,71.5883069196078,328.323042666655,37204.7806381884,"decompMedia","5_277_2",TRUE,0,NA,NA
"244",2017-06-05,45919.8287595737,95538.7172860127,12951.0795061975,16754.269639067,610.645365339903,17229.9529196581,"decompMedia","5_277_2",TRUE,0,NA,NA
"245",2017-06-12,17218.9439072491,70035.8100733736,1862.06903327994,52.9271880029212,1002.71112381389,16089.2588872869,"decompMedia","5_277_2",TRUE,0,NA,NA
"246",2017-06-19,148905.41904691,49231.9156836201,258.829984150603,403.904141386031,1717.87231870932,16541.9044382146,"decompMedia","5_277_2",TRUE,0,NA,NA
"247",2017-06-26,61936.9681226828,127444.049445937,54300.1074843767,0.95637393540654,1148.7473668655,7463.09446179747,"decompMedia","5_277_2",TRUE,0,NA,NA
"248",2017-07-03,44900.6412666154,98713.9155333608,90938.2046203521,33158.0976120987,3900.98902244104,26655.8156453578,"decompMedia","5_277_2",TRUE,0,NA,NA
"249",2017-07-10,16820.3745474321,72751.3870378149,17240.8426663747,157.571694915081,4321.70262870037,24483.0056697221,"decompMedia","5_277_2",TRUE,0,NA,NA
"250",2017-07-17,53180.0273126948,117442.002598913,146837.741675737,0.371699489714098,3817.30038139935,13252.329333078,"decompMedia","5_277_2",TRUE,0,NA,NA
"251",2017-07-24,20080.7989697623,89380.2265695414,36078.5980533062,0.000874712058630676,4081.72532717874,38772.1241179636,"decompMedia","5_277_2",TRUE,0,NA,NA
"252",2017-07-31,60674.8726471201,137728.554828292,25456.20593575,2.05842861571845e-06,5030.3928021242,36819.052517755,"decompMedia","5_277_2",TRUE,0,NA,NA
"253",2017-08-07,23077.4367994287,133201.917743077,88593.6749569498,4.84402640607269e-09,10869.7975714024,33447.4183498029,"decompMedia","5_277_2",TRUE,0,NA,NA
"254",2017-08-14,143368.654159294,104238.852237864,16636.9822618319,1.13992740106783e-11,237.876185225605,55892.4599406505,"decompMedia","5_277_2",TRUE,0,NA,NA
"255",2017-08-21,59285.7112874966,77546.6361002599,98220.0242217347,6551.55122953903,4.73580679093432,64019.355892686,"decompMedia","5_277_2",TRUE,0,NA,NA
"256",2017-08-28,322018.97483637,55179.1330424109,19192.3841711496,4347.6407882362,13110.0906466849,93373.3657717531,"decompMedia","5_277_2",TRUE,0,NA,NA
"257",2017-09-04,164077.762818533,37881.9743899761,2813.8402697005,10.9563295645302,9492.84622075056,80115.435379701,"decompMedia","5_277_2",TRUE,0,NA,NA
"258",2017-09-11,218170.097773913,125374.430061928,53999.7282929044,1716.2048694875,9513.38253177715,36552.3488944879,"decompMedia","5_277_2",TRUE,0,NA,NA
"259",2017-09-18,97944.9182952047,96755.5054590389,8895.27614937335,4.14703506518072,13053.0638700653,49395.8270555672,"decompMedia","5_277_2",TRUE,0,NA,NA
"260",2017-09-25,273879.99146905,128696.247444164,1263.06491583038,13083.9811204916,23744.2622278915,71629.860411736,"decompMedia","5_277_2",TRUE,0,NA,NA
"261",2017-10-02,348749.004607809,119338.863531795,175.253184853407,38.4486666996514,24809.9617688243,88752.002557501,"decompMedia","5_277_2",TRUE,0,NA,NA
"262",2017-10-09,279234.658443917,153930.524735168,127396.518384129,26356.548679695,16914.4847781181,69359.5911295736,"decompMedia","5_277_2",TRUE,0,NA,NA
"263",2017-10-16,134783.602618652,125109.874421929,28380.3401790208,20745.4676784837,24795.2371526097,110633.309923206,"decompMedia","5_277_2",TRUE,0,NA,NA
"264",2017-10-23,199431.640526515,114025.143755831,4285.30797065307,29465.7525819751,24880.5428598344,111408.142109737,"decompMedia","5_277_2",TRUE,0,NA,NA
"265",2017-10-30,104882.955449355,86265.8512777819,600.018712369153,30748.2837460223,27210.6634379373,58968.6114951165,"decompMedia","5_277_2",TRUE,0,NA,NA
"266",2017-11-06,123817.398639149,150315.062444578,141406.267052418,18391.4367465726,31496.3284442244,77995.7154697917,"decompMedia","5_277_2",TRUE,0,NA,NA
"267",2017-11-13,50166.3972965548,121354.34537476,33772.7814806732,39815.719558613,853.587002277154,72555.5844559132,"decompMedia","5_277_2",TRUE,0,NA,NA
"268",2017-11-20,206760.965537246,126757.715363103,23902.8885857774,16995.8828602718,17.0831147012369,70384.547223857,"decompMedia","5_277_2",TRUE,0,NA,NA
"269",2017-11-27,91625.9021973972,98062.8687550758,89272.58006896,15673.1262711391,37037.4163851977,107344.003532757,"decompMedia","5_277_2",TRUE,0,NA,NA
"270",2017-12-04,144791.438108218,115988.313352257,16810.6601256952,8634.71419445472,41891.4302186951,79423.9594545358,"decompMedia","5_277_2",TRUE,0,NA,NA
"271",2017-12-11,59964.044802579,88050.703738044,2446.2419867002,13252.3092400568,37014.1101906604,104608.821378936,"decompMedia","5_277_2",TRUE,0,NA,NA
"272",2017-12-18,228114.869896292,115054.781202971,340.626831388921,4633.14801457356,45813.1988355171,120234.573828707,"decompMedia","5_277_2",TRUE,0,NA,NA
"273",2017-12-25,310525.948070577,87200.4480552034,114421.354587478,31048.0690372081,43367.8799445965,141096.992316557,"decompMedia","5_277_2",TRUE,0,NA,NA
"274",2018-01-01,155893.255086788,63040.5254091173,71460.7299491869,20079.0211475321,48965.2584241699,163625.769110834,"decompMedia","5_277_2",TRUE,0,NA,NA
"275",2018-01-08,65327.8580535052,52530.3319572147,12549.4728547728,30460.0972972702,51362.9622255328,168599.667576989,"decompMedia","5_277_2",TRUE,0,NA,NA
"276",2018-01-15,167974.442011305,35913.8758830844,116538.689852261,133.663749341056,48506.4298967191,109976.049340434,"decompMedia","5_277_2",TRUE,0,NA,NA
"277",2018-01-22,71311.378444612,95627.3885679845,135532.136615073,0.31518749189381,29588.404546488,68452.2707400628,"decompMedia","5_277_2",TRUE,0,NA,NA
"278",2018-01-29,127019.176829574,70111.2526980008,31419.8944918217,0.000741723005609568,30421.1207236505,56599.015800041,"decompMedia","5_277_2",TRUE,0,NA,NA
"279",2018-02-05,51634.4901778098,49290.9371964753,57041.1545785117,1985.42536841058,43775.0339819479,123437.622046215,"decompMedia","5_277_2",TRUE,0,NA,NA
"280",2018-02-12,61286.7237315371,95299.9213374802,9498.84159097126,4.81785537605818,1382.55538453679,93376.9515350252,"decompMedia","5_277_2",TRUE,0,NA,NA
"281",2018-02-19,23323.9961285363,69832.7512173265,67614.4222994348,0.0113385183079673,27.795017051738,79007.3305704426,"decompMedia","5_277_2",TRUE,0,NA,NA
"282",2018-02-26,65703.8634692665,98961.7759832334,94247.7258292277,2.66825340209798e-05,16118.275484952,72816.0264373639,"decompMedia","5_277_2",TRUE,0,NA,NA
"283",2018-03-05,25112.7097623716,72964.5945221969,18113.2085262896,6.27910525728386e-08,21972.1175199408,67846.8560871065,"decompMedia","5_277_2",TRUE,0,NA,NA
"284",2018-03-12,196954.255259298,112403.46147397,134257.583566405,1.47763937207279e-10,16025.8525329629,45693.7217690173,"decompMedia","5_277_2",TRUE,0,NA,NA
"285",2018-03-19,86323.2179879838,84800.6039568374,30927.4888072476,3.47727586086377e-13,13958.4424417771,46255.3785870403,"decompMedia","5_277_2",TRUE,0,NA,NA
"286",2018-03-26,113083.102673776,111457.903827062,41351.0639454931,8.18294885820772e-16,9441.19959818986,69713.5940672564,"decompMedia","5_277_2",TRUE,0,NA,NA
"287",2018-04-02,45314.5692857863,83950.0439695379,6518.97279450792,1.92566407427364e-18,13140.5933077825,50661.5810045113,"decompMedia","5_277_2",TRUE,0,NA,NA
"288",2018-04-09,16982.1539828183,73726.3320610948,918.964869561142,4.53159636116845e-21,14229.9423203912,101667.595739902,"decompMedia","5_277_2",TRUE,0,NA,NA
"289",2018-04-16,6196.44411719663,52136.0556258204,127.377446922419,7405.37901900274,12128.7900542194,86657.3386455556,"decompMedia","5_277_2",TRUE,0,NA,NA
"290",2018-04-23,2238.48731356091,127501.730255461,17.6141012384218,19.6411436298519,6431.42440659045,40440.6664506505,"decompMedia","5_277_2",TRUE,0,NA,NA
"291",2018-04-30,805.723033817323,98768.7029794254,2.43492957085713,49301.8710733335,3252.82427172707,29943.3978520371,"decompMedia","5_277_2",TRUE,0,NA,NA
"292",2018-05-07,289.631662159203,107235.057333017,0.336583391202366,465.143494898925,7065.10014600228,10701.618781943,"decompMedia","5_277_2",TRUE,0,NA,NA
"293",2018-05-14,104.064078090211,80185.0888919744,70697.4556772832,49194.8502019959,149.311857519469,47557.2181566209,"decompMedia","5_277_2",TRUE,0,NA,NA
"294",2018-05-21,5339.79521550688,84506.4242143138,12379.6716092616,461.121724418488,2.97037219152161,60960.7112618602,"decompMedia","5_277_2",TRUE,0,NA,NA
"295",2018-05-28,1927.49844121376,60821.5232233923,51081.305663274,4462.94763496565,2525.08239174082,83494.0708220419,"decompMedia","5_277_2",TRUE,0,NA,NA
"296",2018-06-04,693.587408366751,42129.5160481355,8328.24805228531,11.268092476062,7657.04589307396,88146.3287386586,"decompMedia","5_277_2",TRUE,0,NA,NA
"297",2018-06-11,41585.8125992355,28341.343684383,60894.0608915752,0.0265213484364384,4216.07958385132,52777.5698134673,"decompMedia","5_277_2",TRUE,0,NA,NA
"298",2018-06-18,15529.4097080445,64265.6238176579,10282.6262759122,6.2411765478243e-05,8328.00558067162,70869.8316930015,"decompMedia","5_277_2",TRUE,0,NA,NA
"299",2018-06-25,5658.71645992018,44759.7961438078,92959.2711772733,17115.1301800723,6610.6465832802,64850.8265245275,"decompMedia","5_277_2",TRUE,0,NA,NA
"300",2018-07-02,70070.9017360912,129106.056372243,17770.7534185248,54.4688531316055,4017.87472415025,57520.319920772,"decompMedia","5_277_2",TRUE,0,NA,NA
"301",2018-07-09,26896.3434063909,100297.061134055,98965.8036785745,41344.6125401353,6615.83399415897,55650.3288860956,"decompMedia","5_277_2",TRUE,0,NA,NA
"302",2018-07-16,51893.5622863581,107662.443360152,19399.0321138457,262.554232086757,8295.38426961752,41200.0027769247,"decompMedia","5_277_2",TRUE,0,NA,NA
"303",2018-07-23,63740.5844986958,80563.653218355,59582.8778741826,0.620339050038568,9343.73325000993,65083.5365125021,"decompMedia","5_277_2",TRUE,0,NA,NA
"304",2018-07-30,24315.7848761776,57609.2686841246,10013.4410792511,0.00145983547598832,25323.7821104103,44936.6248435394,"decompMedia","5_277_2",TRUE,0,NA,NA
"305",2018-08-06,68824.4331639856,111477.467360918,73837.239611652,3.43537866562333e-06,29667.3286982366,124854.693908248,"decompMedia","5_277_2",TRUE,0,NA,NA
"306",2018-08-13,26385.6935755639,83967.6138862271,13084.5004550942,24781.3811929187,787.374833312876,94126.5392087612,"decompMedia","5_277_2",TRUE,0,NA,NA
"307",2018-08-20,217412.522553939,118379.322653935,1882.02993172414,93.6477505654914,15.7490889718808,79335.0650517956,"decompMedia","5_277_2",TRUE,0,NA,NA
"308",2018-08-27,97520.2175699266,90241.0654952002,261.620217606682,19554.160224318,19522.5045249437,118817.498117089,"decompMedia","5_277_2",TRUE,0,NA,NA
"309",2018-09-03,87320.0236528479,107975.011030461,12944.3608980818,65.5212811261586,38715.8972383122,152710.241990227,"decompMedia","5_277_2",TRUE,0,NA,NA
"310",2018-09-10,34093.0750725456,80840.8666696103,10712.3504414566,0.154342842569624,42109.5769123769,142043.823058506,"decompMedia","5_277_2",TRUE,0,NA,NA
"311",2018-09-17,12641.1776261636,96419.4270620061,89137.7550474043,18268.5320658707,44952.5617330252,162056.225485141,"decompMedia","5_277_2",TRUE,0,NA,NA
"312",2018-09-24,9325.59507274404,92858.5358000113,16776.0930066706,59.5537666783756,47420.5395504328,89432.6441356345,"decompMedia","5_277_2",TRUE,0,NA,NA
"313",2018-10-01,364776.288511759,89485.022540883,37183.7477643485,2940.69058616671,53733.3826615636,102894.785901018,"decompMedia","5_277_2",TRUE,0,NA,NA
"314",2018-10-08,196799.515050572,64937.8498595288,38011.4467586276,7197.98061967682,57115.2645823712,88274.7330086948,"decompMedia","5_277_2",TRUE,0,NA,NA
"315",2018-10-15,217875.593043082,101322.156849203,20658.131711285,15555.7423303962,47216.7322325267,123008.945952107,"decompMedia","5_277_2",TRUE,0,NA,NA
"316",2018-10-22,97779.7298513746,75003.955669866,3042.82840377839,47.9661279543304,48470.4111003334,133810.64954721,"decompMedia","5_277_2",TRUE,0,NA,NA
"317",2018-10-29,135160.674682721,53149.5504126356,30046.4690756359,38409.2805823583,63322.8428104091,129761.026440938,"decompMedia","5_277_2",TRUE,0,NA,NA
"318",2018-11-05,55411.8435399518,124901.335447941,24773.9292682731,217.665267289166,64577.0429782824,105927.889621089,"decompMedia","5_277_2",TRUE,0,NA,NA
"319",2018-11-12,212791.846189558,96309.8431231563,3697.36645711742,44515.0145713415,2833.42313702904,84683.1097432764,"decompMedia","5_277_2",TRUE,0,NA,NA
"320",2018-11-19,94945.6967133447,101449.775007957,516.779735624186,325.020930492102,57.6808938013232,75299.804880144,"decompMedia","5_277_2",TRUE,0,NA,NA
"321",2018-11-26,211875.524687342,75114.6826833076,114812.005833284,29626.8840034324,64939.7129445092,29597.7456922974,"decompMedia","5_277_2",TRUE,0,NA,NA
"322",2018-12-03,94438.3600129276,98718.3987754893,24119.6745969787,127.003396885866,62661.1982346905,85017.5791542786,"decompMedia","5_277_2",TRUE,0,NA,NA
"323",2018-12-10,37135.593535069,72755.2419003959,68256.9864933068,0.299451538257651,79239.6974077615,143227.29683885,"decompMedia","5_277_2",TRUE,0,NA,NA
"324",2018-12-17,13809.029678302,72545.9158230481,11843.2581977384,0.000704691802477683,66886.416408321,128079.867328421,"decompMedia","5_277_2",TRUE,0,NA,NA
"325",2018-12-24,366537.027945419,51203.3939740677,75603.7180168525,39788.8129284727,79492.9166860504,162583.472167819,"decompMedia","5_277_2",TRUE,0,NA,NA
"326",2018-12-31,299301.869366509,34934.0683033249,13488.5254383563,237.494540992082,62090.6030306495,153442.063574114,"decompMedia","5_277_2",TRUE,0,NA,NA
"327",2019-01-07,142060.873369862,19739.9442516507,15598.8545123675,6474.94234058242,48730.2326765289,178684.120012066,"decompMedia","1_112_2",TRUE,1,3,FALSE
"328",2019-01-07,142060.873369862,19739.9442516507,15598.8545123675,6474.94234058242,48730.2326765289,178684.120012066,"decompMedia","1_112_2",TRUE,1,3,FALSE
"329",2019-01-14,101869.759277731,12664.1427145714,13627.365600759,17.3206469051335,45660.2132856343,177882.544543933,"decompMedia","1_112_2",TRUE,1,3,FALSE
"330",2019-01-14,101869.759277731,12664.1427145714,13627.365600759,17.3206469051335,45660.2132856343,177882.544543933,"decompMedia","1_112_2",TRUE,1,3,FALSE
"331",2019-01-21,39057.7851167129,61727.4080296948,37551.1799948311,11543.5358373199,47044.0034082076,93374.0562224836,"decompMedia","1_112_2",TRUE,1,3,FALSE
"332",2019-01-21,39057.7851167129,61727.4080296948,37551.1799948311,11543.5358373199,47044.0034082076,93374.0562224836,"decompMedia","1_112_2",TRUE,1,3,FALSE
"333",2019-01-28,137749.205405938,42919.9238941971,6172.5178733532,34.6965672695746,47837.2038169844,73633.8059907405,"decompMedia","1_112_2",TRUE,1,3,FALSE
"334",2019-01-28,137749.205405938,42919.9238941971,6172.5178733532,34.6965672695746,47837.2038169844,73633.8059907405,"decompMedia","1_112_2",TRUE,1,3,FALSE
"335",2019-02-04,54862.8292906961,28763.0895872646,48835.4279701391,0.0814308334907973,56794.0816695648,122290.308948068,"decompMedia","1_112_2",TRUE,1,3,FALSE
"336",2019-02-04,54862.8292906961,28763.0895872646,48835.4279701391,0.0814308334907973,56794.0816695648,122290.308948068,"decompMedia","1_112_2",TRUE,1,3,FALSE
"337",2019-02-11,75321.9808219737,18764.7491375195,23685.5675218055,8327.8234877487,2971.06181358472,86093.8771995805,"decompMedia","1_112_2",TRUE,1,3,FALSE
"338",2019-02-11,75321.9808219737,18764.7491375195,23685.5675218055,8327.8234877487,2971.06181358472,86093.8771995805,"decompMedia","1_112_2",TRUE,1,3,FALSE
