"","solID","mape","decomp.rssd","nrmse","nrmse_train","facebook_I_thetas","newsletter_thetas","ooh_S_thetas","print_S_thetas","search_clicks_P_thetas","tv_S_thetas","facebook_I_alphas","newsletter_alphas","ooh_S_alphas","print_S_alphas","search_clicks_P_alphas","tv_S_alphas","facebook_I_gammas","newsletter_gammas","ooh_S_gammas","print_S_gammas","search_clicks_P_gammas","tv_S_gammas","cluster","n","top_sol"
"1","1_223_5",0,0.378513221764947,0.0516530996937342,0.0516530996937342,0.0619944719973107,0.809910259937617,0.990410145208356,1,0.424388411272154,0.290637814445407,0.578941550500098,0.273880403651091,0.11846985348711,0.555603512771001,0.784438935353824,0.562175782453418,0.352174722520945,0.294769617360183,0.456446772330931,0.166175899337712,0.289867996496828,0.971545764345595,3,42,FALSE
"2","1_225_5",0,0.493069784980247,0.0496341464600773,0.0496341464600773,0.761716354027531,0.0592452848849589,0,0.341809053292388,0.693945857621981,0.00202739356675764,0.553596492408039,1,1,0.608620518734758,0.841189299870109,0.515953876912316,0.271737853455597,0.698865788386897,0.262886550487904,0.855002617178818,0.268262412932827,0.26170717435707,3,42,FALSE
"3","1_226_4",0,0.390688110418484,0.050324050259471,0.050324050259471,0.606986095767788,0.76398365657365,0.991953919241423,0.815631450927077,0.234737057229118,0.0103635803667409,0.577400503743688,0.0732512328962111,0.199034243914141,0.876716252686373,0.650858471008915,0.91727702680158,0.71582252377559,0.382597917400226,0.0553274823353982,0.618436682984986,0.572945886066542,0.714053176429817,3,42,FALSE
"4","1_241_7",0,0.356347209628455,0.0523911021213124,0.0523911021213124,0.567717619389003,0.783383775412652,0.923580349655791,0,0.963964815191254,0.155652885501645,0.440754696275506,0.332815808127154,0.542923918319858,0.725002077073587,0.0853309093926429,0.978171660838801,0.650433584911295,0.271390299957486,0.0135289969653598,0.711744055825981,0.928924695622834,0.827772928872571,1,49,FALSE
"5","1_246_2",0,0.35644081798563,0.0523931335697038,0.0523931335697038,0.567717619389003,0.783383775412652,0.923580349655791,0,0.963964815191254,0.155652885501645,0.440754696275506,0.332815808127154,0.542923918319858,0.707231496566784,0.0853309093926429,0.978171660838801,0.650433584911295,0.271390299957486,0.0135289969653598,0.721968841561218,0.928924695622834,0.827772928872571,1,49,FALSE
"6","1_249_4",0,0.352096300279072,0.0527147597459611,0.0527147597459611,0.377224127308728,0.688537882475635,0.955376463814819,0.257715174653125,0.299958829557308,0.108236971397895,0.474109312130458,0.057520638916661,0.233650581999341,0.414735217722677,0.94738297509546,0.743285968087913,0.684441290696514,0.682767683275911,0.522721432299642,0.815701972250994,0.43943666799687,0.900137743303073,3,42,FALSE
"7","1_254_4",0,0.464437740718649,0.0497137867927296,0.0497137867927296,0.79085891819937,0.854835432642333,0.207414529230687,0.0193649009725925,0.308366899508762,0.0538732836708771,0.613602271077886,0.031060379080684,0.119578081903106,0.794184469306959,0,0.936089468914496,0.635916139802947,0.312161987730707,0.474372279283814,1,0.928414603521895,0,1,49,FALSE
"8","1_254_6",0,0.353316889278465,0.0524283294295278,0.0524283294295278,0.567717619389003,0.783383775412652,0.923580349655791,0,0.963964815191254,0.118821108681434,0.440754696275506,0.332815808127154,0.542923918319858,0.725002077073587,0.0853309093926429,0.899520532179744,0.650433584911295,0.271390299957486,0.0135289969653598,0.711744055825981,0.928924695622834,0.997272408517866,1,49,FALSE
"9","1_257_3",0,0.397127437971822,0.0502496634757519,0.0502496634757519,0.795891913086048,0.729140333103668,0.983483485776858,0.122398766773764,0.856402786754899,0.0718274134175572,0.362681557622237,0.310837354342779,0.227090402069731,0.691001067289416,0.320758129986926,0.863683120105592,0.526048208748578,0.649878190597314,0.397267759556212,0.889655976517519,0.362669914461469,0.877016501084108,3,42,FALSE
"10","1_263_3",0,0.445217323533706,0.0498951020630399,0.0498951020630399,0.301496407801743,0.0155883320971887,0.923580349655791,0,0.905335643122182,0.00411628135922564,0.505986803754461,0.912492327048397,0.542923918319858,0.725002077073587,0.635455756786376,0,0.0229695716549768,0.930160007974685,0.0135289969653598,0.711744055825981,0,0.895020327882561,3,42,FALSE
"11","1_264_7",0,0.461948792163004,0.0496162139849439,0.0496162139849439,0.144332804109325,0.701744707934956,0.154593172176575,0.0578239073216914,0.285917311247883,0.0436854216312408,0.382317078418359,0.507914016258765,0.458710907097831,0.639508677507523,0.846904909404141,0.841353894279343,0.27400988702379,0.785274924731243,0.433757073413537,0.699973673209642,0.363966208667129,0.179735547190068,3,42,FALSE
"12","1_269_2",0,0.461695443362857,0.0496128983513278,0.0496128983513278,0.144332804109325,0.701744707934956,0.154593172176575,0.0578239073216914,0.285917311247883,0.0436854216312408,0.382317078418359,0.507914016258765,0.458710907097831,0.639508677507523,0.846904909404141,0.841353894279343,0.236152937567473,0.785274924731243,0.433757073413537,0.699973673209642,0.363966208667129,0.179735547190068,3,42,FALSE
"13","1_271_4",0,0.44790600039992,0.0497443725037369,0.0497443725037369,0.0172922064276854,0.695905822823919,0.376691139508925,0.110100601741331,0.355475142024954,0.151969206797193,0.551334917973849,0.22804111100881,0.0657988094243867,0.811321221736892,0.0465699495387051,0.925678839712645,0.21785526567028,0.697839532012969,0.469524637856806,0.89071131371188,0.571273711141161,0.189172510967984,3,42,FALSE
"14","1_271_7",0,0.436927810927271,0.0496322388819488,0.0496322388819488,0.937959516192766,0.713733439835164,0.815645052532278,0.526573069914119,0.369349394234489,0.0326948268832024,0.465725792873542,0.729274253638576,0.434600161681641,0.987095352421674,0.412905710540449,0.993638846054253,0.264257892783388,0.77216526832689,0.0205027648828444,0.987772297196958,0.14940732097583,0.160475370135147,3,42,FALSE
"15","1_274_5",0,0.387136732766045,0.0507165479008016,0.0507165479008016,0.240146115426972,0.493398165877764,0.756584011786294,0.186652904515655,0.879706250796123,0.299441747148058,0.573289121515207,0.205582896043982,0.090470546350955,0.832925642443226,0.483935853577484,0.925590587952037,0.416071054385679,0.908941877932867,0.368577414234906,0.149705957122318,0.561104173555596,0.887413196254759,3,42,FALSE
"16","1_275_6",0,0.445162407344141,0.0496581233295935,0.0496581233295935,0.832128423438984,0.695905822823919,0.376691139508925,0.110100601741331,0.355475142024954,0.151969206797193,0.782111433946849,0.22804111100881,0.0657988094243867,0.811321221736892,0.0465699495387051,0.925678839712645,0.0172330832236633,0.697839532012969,0.469524637856806,0.89071131371188,0.571273711141161,0.189172510967984,3,42,FALSE
"17","1_279_1",0,0.371386873310899,0.0516403228743874,0.0516403228743874,0,0.614196163055401,0.966138978994398,0.23741139531544,0.217859170388944,0.0991172352381827,0.473896073882546,0.429599473444782,0.323035246137004,0.879838036036083,0.426619965939453,0.803261500613283,0.550387248283048,0.746052907782514,0.447595204589936,0.964325324464334,0.300331781970064,0.73243606511432,3,42,FALSE
"18","1_280_3",0,0.333179784570241,0.0543255121337426,0.0543255121337426,0.458180835887943,0.540513786480124,0.782958025745868,0.697910606953575,0.334359182811694,0.0049341946634267,0.517457898498912,0.520776494388303,0.171914089574655,0.602208850396471,0.755692712389642,0.88091975142036,0.729812031682854,0.0168518901892156,0.0606354838665977,0.606509594439153,0.833364007348455,0.883242534887086,2,53,FALSE
"19","1_282_3",0,0.334446495403555,0.0539782752037194,0.0539782752037194,0.176437721527567,0.513479876574917,0.792751735629908,0.299938624659675,0.26594221282872,0.287302298687325,0.583405690241736,0.157078919872892,0.182444873450548,0.554236417238498,0.922020378551546,0.794677246302898,0.690779464137772,0.0218660043005485,0.0578284456250276,0.551331823752045,0.79150976583092,0.746760286244225,2,53,FALSE
"20","1_284_3",0,0.434126085515814,0.0497531883794359,0.0497531883794359,0.832128423438984,0.90181713350357,0.776052936803511,0.110100601741331,0.355475142024954,0.151969206797193,0.782111433946849,0.22804111100881,0.229258185925726,0.667432929568652,0.0465699495387051,0.925678839712645,0.0172330832236633,0.249686023751682,0.0569463702928366,0.89071131371188,0.571273711141161,0.189172510967984,3,42,FALSE
"21","1_284_6",0,0.357871830215968,0.0518808761688229,0.0518808761688229,0.769893874448021,0.778429140854267,0.923580349655791,0.698452094726835,0.0581442488546589,0.00341390681665603,0.831923329994241,0.424179573891664,0.447860438839832,0.725002077073587,0.735163261612155,0.998054785527332,0.741879519846486,0.442362187055126,0.0135289969653598,0.711744055825981,0.436212158675953,0.716195104193758,2,53,FALSE
"22","2_191_5",0,0.367509940334565,0.0518872709954263,0.0518872709954263,0.184885805390226,0.543577045598723,0.949894724270087,0.0376191118535671,0.938868257635832,0.28984057501535,0.830518833508856,0.13647352269419,0.197795499022539,0.949634683653295,0.622507107335992,0.666789534379395,0.48611805491339,0.596866224483942,0.785843018599478,0.981802142124804,0.79306261369356,0.841457682243359,1,49,FALSE
"23","2_204_4",0,0.367002089953648,0.0519926152808496,0.0519926152808496,0.105023942680583,0.781487239942246,0.798159074601445,0.0638513048515347,0.938868257635832,0.28984057501535,0.830518833508856,0.237052521244215,0.149650499480744,0.986446422480994,0.73821580013706,0.666789534379395,0.319406566965286,0.470662083762336,0.75757055219304,0.582834865902176,0.79306261369356,0.841457682243359,1,49,FALSE
"24","2_211_6",0,0.433221791706234,0.0498988955739165,0.0498988955739165,0.834762360813802,0,0.996674791062299,0.0758846113698243,0.641986904559718,0.00521885881518668,0.824873840106385,0.563684998863219,0.367040754622676,0.842583540248143,0.62583967027249,0.661137141212343,0.225770764303807,0.424272496747864,0.794107926946295,0.694553152901506,0.904087623120933,0.804697289983797,1,49,FALSE
"25","2_212_6",0,0.354504769662577,0.0525571225628197,0.0525571225628197,0.269299168075032,0.860692769726332,0.989821674567504,0.740431961536805,0.654198510484551,0.0315366667636973,0.88648174679627,0.072242554323497,0.0123749383383798,0.479405661303294,0.166573480421943,0.759492393425824,0.47022246713918,0.365398203290078,0.775623520413408,0.723166975909172,0.993345596726912,0.973536656199395,1,49,FALSE
"26","2_213_4",0,0.400009407537931,0.0502486208478825,0.0502486208478825,0.585990344984821,0.709609649669985,0.917716568281942,0.205718564130173,0.632773505600305,0.00140129450996744,0.850997612276939,0.329551377720376,0.0387307283992665,0.702068019681228,0.160250769780629,0.763410919760257,0.210736760340284,0.691317996133424,0.845566285870065,0.36889680559157,0.972542495449241,0.972120266518228,1,49,FALSE
"27","2_217_7",0,0.411101252801182,0.0499905552960169,0.0499905552960169,0.656941495727711,0.707794314121777,0.89483435287254,0.351344966238195,1,0.00754451054181753,0.82011700255952,0.822418678129443,0.0238546126069313,0.915257079548752,0.826148711693529,0.845907705536947,0.0199243956946142,0.148684125775601,0.72158210966453,0.725704694273321,0.853345279116332,0.842383905954979,1,49,FALSE
"28","2_224_5",0,0.433011711126478,0.0499148299219103,0.0499148299219103,0.834762360813802,0,0.996674791062299,0.0758846113698243,0.641986904559718,0.00521885881518668,0.824873840106385,0.563684998863219,0.367040754622676,0.842583540248143,0.62583967027249,0.661137141212343,0.225770764303807,0.424272496747864,0.794107926946295,0.631530324491579,0.904087623120933,0.804697289983797,1,49,FALSE
"29","2_226_1",0,0.375408698090031,0.0517719453639908,0.0517719453639908,0.650687388893869,0.66162505340725,0.8023640039698,0.319701455738971,0.989017363427012,0.0205759721761427,0.843141940386028,0.368547288568278,0.161432148237376,0.979809996606376,0.454254238404538,0.76400491507539,0.140056805267066,0.267901114096504,0.761930736256419,0.48489586617425,0.947719221270842,0.826882166152733,1,49,FALSE
"30","2_226_4",0,0.412845270693182,0.0500055847482367,0.0500055847482367,0.656941495727711,0.707794314121777,0.825519966581755,0.351344966238195,1,0.00754451054181753,0.82011700255952,0.822418678129443,0.0238546126069313,0.826449089134294,0.826148711693529,0.845907705536947,0.0199243956946142,0.148684125775601,0.72158210966453,0.767962256950207,0.853345279116332,0.842383905954979,1,49,FALSE
"31","2_231_2",0,0.356370356691512,0.0524277512063042,0.0524277512063042,0.703105586356405,0.825550539024129,0.854262377326863,0.0422966894041986,0.558104575357256,0.0895267857488818,0.791853576670364,0.133913300928285,0.276308799605126,0.972334326631667,0.353053234086901,0.779107154371535,0.346219633790054,0.153510871061138,0.685084587417507,0.785101359991107,0.956810981765631,0.991976655747732,1,49,FALSE
"32","2_234_6",0,0.332782480155092,0.0543823582916258,0.0543823582916258,0.265779198412067,0.541855146602912,0.889480836867341,0.0188131809114521,0.829620986275224,0.134011025420385,0.885051228098503,0.0694481990371555,0.123609752135082,1,0.819753934641816,0.670335044798629,0.640598504751116,0.368273174646573,0.750203722451811,0.71773870665792,0.865531614936688,0.897214785490917,1,49,FALSE
"33","2_237_5",0,0.330114891336213,0.0545674581384732,0.0545674581384732,0.706714743776285,0.926738466693919,0.863488122909667,0.043073202156715,0.931066148507582,0.119068449134061,0.867816763683329,0.0920075396890688,0.0116250857664965,0.853025940733403,0.512239927351214,0.654995840321733,0.587310808889832,0.211852689079897,0.759220012513444,0.447483353716831,0.888009338344843,0.967460684437994,1,49,FALSE
"34","2_245_3",0,0.412137434711587,0.0500472880479377,0.0500472880479377,0.433536625520973,0.824739593902959,0.959653155248629,0.090167138860829,0.792864705855031,0.134117695838315,0.872213413292457,0.0189429024601078,0.129066860270009,0.723580668037194,0.469485008243893,0.721797309571544,0.162538063608199,0.221201102536451,0.772904952733795,0.706302863448269,0.95880577313388,0.674926276698945,1,49,FALSE
"35","2_245_5",0,0.414573249820921,0.0499004488305397,0.0499004488305397,0.973437661087555,0.64760607319096,0.763087977094941,0.0472854848481625,0.832352810834799,0.0154274571482462,0.91582957089748,0.282626933848698,0.0973064824152131,0.990573488780198,0.885540223052169,0.720645628064285,0.23706040752817,0.359293354427442,0.816368577421599,0.676741434098697,0.77952357992908,0.80824806428846,1,49,FALSE
"36","2_248_4",0,0.399272682040146,0.0501088614793776,0.0501088614793776,0.319069825409157,0.910460691129002,0.908781001860568,0.379109895098407,0.43371039609611,0.150383243551235,0.822000530996177,0.0812316119765762,0.0354091787470988,0.928582877375682,0.667954957160608,0.765620714893507,0.247664325292448,0.417481787859439,0.750236430631777,0.916764197994509,0.768625537890248,0.962173561541013,1,49,FALSE
"37","2_248_7",0,0.356679520399126,0.0523911110597491,0.0523911110597491,0.63387660002813,0.239495548400229,0.877406577604132,0.0319327663817263,0.695339958519344,0.00714224490607552,0.848719444566196,0.00976316716885558,0.114633034391595,0.643782974011726,0.566330353203299,0.713158191686448,0.409803341009058,0.0100769673806859,0.800240417994048,0.71370229593409,0.925116734798461,0.892018394003027,1,49,FALSE
"38","2_252_3",0,0.423206835454247,0.0499232037191317,0.0499232037191317,0.791338474124792,0.450204858521254,0.946170200914852,0.118273080711449,0.747950157517635,0.0282450259808763,0.835065287217076,0.499697779693987,0.249752814805296,0.990123470622748,0.539080139941785,0.656627095631489,0.154077737878807,0.563400741221892,0.869567957039853,0.701347538797223,0.862372143074551,0.819152004142165,1,49,FALSE
"39","2_252_6",0,0.405759030773748,0.0500300394142117,0.0500300394142117,0.41093831261355,0.656458328726033,0.908781001860568,0.379109895098407,0.43371039609611,0.150383243551235,0.859975371322682,0.288480422972695,0.0664514144031578,0.928582877375682,0.667954957160608,0.765620714893507,0.204771925854928,0.686797059598895,0.750236430631777,0.916764197994509,0.768625537890248,0.962173561541013,1,49,FALSE
"40","2_252_7",0,0.362955623545394,0.0522300709075507,0.0522300709075507,0.1446883504023,0.423703995599102,0.982898048043152,0.124531834561417,0.906663782811675,0.24526759938005,0.817679574507644,0.239758160162752,0.0977552280364023,0.78075711703799,0.699737639974795,0.678688374235712,0.331399923246469,0.682045830669448,0.921377039432256,0.738033623304208,0.822630142297473,0.857011003423925,1,49,FALSE
"41","2_253_2",0,0.361145941619522,0.0522896135348926,0.0522896135348926,0.0787343473776629,0.0603738862298369,0.952699708241786,0.121550284165067,0.695339958519344,0.00714224490607552,0.848719444566196,0.099481258308962,0.113030736168837,0.528419387786375,0.382684678277637,0.713158191686448,0.454427787573239,0.104713668422324,0.884247187637449,0.962277372410777,0.964275486566153,0.892018394003027,1,49,FALSE
"42","2_258_7",0,0.353477680162761,0.0526716874819779,0.0526716874819779,0.183529774466829,0.532624603091312,0.80815247692295,0.0659828234127914,0.699687021490659,0.0140869642505244,0.810786459908017,0.111037428738125,0.295328244070612,0.829676710339465,0.944508671492259,0.765883145671805,0.589916660746134,0.486963850491149,0.754067655718791,0.824981140288074,0.73835233362866,0.931271376807683,1,49,FALSE
"43","2_263_3",0,0.329940895630733,0.0544372054161633,0.0544372054161633,0.706714743776285,0.946827911501477,0.984149409334573,0.0442747779346135,0.754675656896024,0.119068449134061,0.867816763683329,0.2621898798236,0.031030051008491,0.753753454827911,0.512239927351214,0.654995840321733,0.587310808889832,0.342362491172963,0.784616807906773,0.935320009739337,0.708233291235334,0.967460684437994,1,49,FALSE
"44","2_266_5",0,0.400537861128141,0.0502098150145767,0.0502098150145767,0.943917042001693,0.762979736870098,0.826724784693842,0.231770419076548,0.454221211211525,0.0558911538114175,0.865031673457288,0.380866295412756,0.0610122070243619,0.885573787369023,0.790303183725706,0.734995582804539,0,0.253809662729161,0.622877898105165,0.849712507285216,0.783944504260755,0.883108513380399,1,49,FALSE
"45","2_267_4",0,0.349142974789711,0.0528306448801157,0.0528306448801157,0.618327977105637,0.894166184166616,0.785486682316837,0.0813993948286526,0.749858181588331,0.0388467047608895,0.834011401572119,0.0376857866173781,0.289021717608245,0.836157662347863,0.82233886319781,0.790563017182049,0.589916660746134,0.340388736090093,0.754484800670534,0.731699481858982,0.7638413708392,0.962705719509742,1,49,FALSE
"46","2_267_5",0,0.338135576759218,0.0535372121981275,0.0535372121981275,0.706714743776285,0.946827911501477,0.984149409334573,0.339591806091156,0.556928034692995,0.0847326200220142,0.867816763683329,0.2621898798236,0.031030051008491,0.835845996964869,0.357793767925357,0.697518955791411,0.587310808889832,0.342362491172963,0.784616807906773,0.891807574457516,0.696022407830447,0.986065533159871,1,49,FALSE
"47","2_271_3",0,0.338733216153107,0.0537621324511431,0.0537621324511431,0.4937424217769,0.814583938956769,0.863516555300612,0.230419093451985,0.781442807024319,0.0787203068972477,0.808992855780112,0.482129762250124,0.122202294832796,0.910108052117412,0.575170786984945,0.806323544537046,0.511357352743484,0.0761898130917558,0.738396598376887,0.491662592727381,0.865962551041509,0.99596959746384,1,49,FALSE
"48","2_271_5",0,0.368678080183959,0.0518486757781364,0.0518486757781364,0.109609215367825,0.927240901387707,0.929515792673074,0.0216156649788293,0.432778006516915,0.443349189239383,0.816631121180552,0.0547940361077906,0.222007262953858,0.756326372875334,0.283349567359804,0.696323491976808,0.346315944687917,0.0436691317363371,0.697399369669626,0.910564679259177,0.972255932090941,0.914891114632292,1,49,FALSE
"49","2_273_4",0,0.341666747601845,0.053483984562118,0.053483984562118,0.688701963045257,0.184322625867877,0.846811768406006,0.082387407990674,0.870728435269113,0.0492842223825148,0.90277948043803,0.256751074014913,0.0403185240640427,0.87539841103901,0.706558452060347,0.717121253996522,0.522434807600296,0.412583668722998,0.770524172182957,0.888138325319641,0.615730477642797,0.940354845268175,1,49,FALSE
"50","2_275_7",0,0.371990749613984,0.0517896969694417,0.0517896969694417,0.109609215367825,0.927240901387707,0.929515792673074,0.0216156649788293,0.432778006516915,0.428568914249458,0.901148337950542,0.0547940361077906,0.222007262953858,0.756326372875334,0.283349567359804,0.700094823188763,0.346315944687917,0.0436691317363371,0.697399369669626,0.910564679259177,0.972255932090941,0.817646127772976,1,49,FALSE
"51","2_276_5",0,0.398147156154729,0.0502140044645915,0.0502140044645915,0.596432951937238,0.589525724755457,0.909100309078427,0.133495200429691,0.837454551728935,0.0409183912205763,0.951314615522714,0.239923827102828,0,0.756565042337107,0.86870386152957,0.685880016595247,0.0754026141979904,0.619796201232756,0.787968927359768,0.706086294278833,0.840882498313166,0.933113160766721,1,49,FALSE
"52","2_278_2",0,0.334197270300283,0.0538303022084572,0.0538303022084572,0.424200746637013,0.893814074036403,0.844194891085488,0.0540558096160944,0.888855401029823,0.0180731181480446,0.740100440610272,0.0238004377667583,0.123293556827787,0.675482307063124,0.820963873752597,0.758546220330171,0.680565504912817,0.14022701220676,0.758467602657361,0.540193385598809,0.83068260188472,0.936303538642207,1,49,FALSE
"53","2_279_6",0,0.33945420217437,0.0535592434885967,0.0535592434885967,0.139411428171573,0.316030809701442,0.856859600275277,0.0137027639108498,0.765498081227075,0.142547085858885,0.929518248253013,0.0508240357149305,0.0500883156631754,0.954069960603821,0.430659407932906,0.671752683526117,0.567480181085325,0.341769241192119,0.730849971211149,0.464803363183292,0.912386451496081,0.971844165133704,1,49,FALSE
"54","2_280_2",0,0.369290400230996,0.0519434315284094,0.0519434315284094,0.109609215367825,0.927240901387707,0.929515792673074,0.596668702237805,0.609914409711185,0.110943116252366,0.901148337950542,0.0547940361077906,0.222007262953858,0.756326372875334,0.189928697745295,0.747612879454006,0.346315944687917,0.0436691317363371,0.697399369669626,0.910564679259177,0.989127663859984,0.942358550471238,1,49,FALSE
"55","2_281_3",0,0.353789785940121,0.0526274870755078,0.0526274870755078,0.179838214213158,0.813314618908406,0.74614841889157,0.320395175505168,0.758901246536273,0.151587677863441,0.906834733940504,0,0.0708811939837447,0.743422500489277,0.837115322288754,0.749638342969704,0.380041473015497,0.727984260585543,0.811955609917894,0.728399165287812,0.822502765894617,0.897073701239878,1,49,FALSE
"56","2_281_4",0,0.412693526566924,0.0499537013647632,0.0499537013647632,0.810111908443889,0.459533523289325,0.67985489720245,0.14549739978013,0.863084074396378,0.0503963941069896,0.829849229892111,0.132123822442922,0.124859534291996,0.875526485323193,0.534880256543975,0.885090131097139,0.101306297011301,0.492468260828462,0.724837236823426,0.680897699233309,0.923384572311023,0.721615228425624,1,49,FALSE
"57","2_282_2",0,0.356093428548191,0.052320683486128,0.052320683486128,0.540411222070597,0.927162816283748,0.843925084637587,0.303786420572537,0.823465710592408,0,0.769987614667215,0.194739904864442,0.180490643642189,0.96248639528451,0.69416081692194,0.660860304181719,0.480628105679907,0.115895934617037,0.794457544849184,0.980691802062152,0.779341468957619,0.996578387291343,1,49,FALSE
"58","2_282_4",0,0.333011418078325,0.0539681608368332,0.0539681608368332,0.424200746637013,0.893814074036403,0.844194891085488,0.0540558096160944,0.888855401029823,0.0180731181480446,0.751853072706932,0.0238004377667583,0.123293556827787,0.675482307063124,0.820963873752597,0.758546220330171,0.680565504912817,0.14022701220676,0.758467602657361,0.540193385598809,0.83068260188472,0.936303538642207,1,49,FALSE
"59","2_284_5",0,0.357632696549446,0.0521356146643681,0.0521356146643681,0.618327977105637,0.858292544622534,0.845185596481169,0.177307778722924,0.742113915204156,0.0598659843404859,0.834011401572119,0.0376857866173781,0.293294242725409,0.959463812231786,0.713551374699097,0.77474823213513,0.589916660746134,0.20900129111558,0.713251804662659,0.640403051042835,0.77196397824893,0.979715306569925,1,49,FALSE
"60","3_245_4",0,0.438144136252977,0.0499129921424643,0.0499129921424643,0.776033201598144,0.972644613088752,0.54830430145259,0.277638400564352,0.593587846057875,0.300675618012423,0.430955312451851,0.551166171516577,0.280649436332027,0.865198212955301,0.456573376174742,0.545595050061441,0.0305299492779346,0.55356043218137,1,0.588752560682569,0.75632919043741,0.767739725675118,1,49,FALSE
"61","3_260_1",0,0.308530017571623,0.0575013112644717,0.0575013112644717,0.121533024515401,0.790795655121166,0.920228047827391,0.563138051014231,0.389622331082542,0.196049376685681,0.857798171361538,0.094272639940969,0.0901633672549415,0.884517571086215,0.55046983705652,0.799459064142469,0.643192475223318,0.0201070984515236,0.155719028194665,0.615385431435766,0.89468110166746,0.795188708601914,1,49,FALSE
"62","3_272_7",0,0.307288610248368,0.057512512220674,0.057512512220674,0.121533024515401,0.790795655121166,0.86349075412871,0.661685781372105,0.234726289397766,0.196049376685681,0.857798171361538,0.094272639940969,0.0901633672549415,0.82737024690587,0.480958554908893,0.999519686136055,0.643192475223318,0.0201070984515236,0.168287459732728,0.839938754273774,0.88128159214197,0.795188708601914,1,49,FALSE
"63","3_281_6",0,0.371630676978783,0.0518421942038137,0.0518421942038137,0.51461744652987,0.943911441796128,0.530374318873238,0.518791572416166,0.519570816381131,1,0.640899505421328,0.20965349909036,0.0381799167985626,0.910233867078807,0.581749914014924,0.839409354101681,0.318012495570691,0.0968931784186987,0.0279144840285444,0.514336436213805,0.602166381018701,0.793594392297994,3,42,FALSE
"64","3_286_6",0,0.327933083395256,0.0539781556104031,0.0539781556104031,0.527997224462619,0.935332724816512,0.949083313492831,0.222510410046752,0.429345463956146,0.522685073196562,0.78932073667151,0.301093801928186,0.0894223868774022,0.886595811716002,0.204501207626458,0.939959908641403,0.512413453608391,0.183388439275724,0.213352616373391,0.839689462866263,0.768979353184874,0.97593533884753,1,49,TRUE
"65","4_183_4",0,0.365351204542793,0.0520522836202303,0.0520522836202303,0.962274391422099,0.906162620620736,0.648471853658766,0.0148810247740551,0.0804370585172593,0.663901154836255,0.777161047042757,0.312663146006584,0.0568304240485842,0.123919233767058,0.331442325570049,0.816035014482643,0.42454623970185,0.337946680465794,0.30059461682865,0.347677419147466,0.955112851138484,0.927526896765742,2,53,FALSE
"66","4_192_1",0,0.363664958912088,0.0520577121117332,0.0520577121117332,0.685224051816371,0.906162620620736,0.648471853658766,0.0148810247740551,0.0804370585172593,0.663901154836255,0.777161047042757,0.172511301751616,0.0568304240485842,0.123919233767058,0.331442325570049,0.816035014482643,0.42454623970185,0.337946680465794,0.30059461682865,0.347677419147466,0.955112851138484,0.927526896765742,2,53,FALSE
"67","4_215_6",0,0.382221382964134,0.0512139638643674,0.0512139638643674,0.714937457284287,0.757674537113904,0.696081065434027,0.369914515121723,0.112019710596792,0.222937824404918,0.586326953508552,0.117494511092561,0.0192721195309526,0.14108139147231,0.752927163449057,0.917713584060008,0.594296788182038,0.0821688659650319,0.392230970129567,0.118989296897254,0.91647577622168,0.933776590558651,2,53,FALSE
"68","4_217_1",0,0.378692921525402,0.0513286052221093,0.0513286052221093,0.975527215687032,0.658260459063244,0.976174874410152,0.54823356162795,0.116516573620148,0.00744475016897333,0.760404454469419,0.0412279382939716,0.253788593691959,0.167309467739251,0.793636697764784,0.959990662737703,0.227349913089145,0.0239149266482502,0.258767996885549,0.022454395044574,0.867041961142488,0.904661867297227,2,53,FALSE
"69","4_220_1",0,0.349917976657542,0.0525846187635435,0.0525846187635435,0.714937457284287,0.965996341355864,0.612911548634509,0.000344154333584098,0.112019710596792,0.222937824404918,0.586326953508552,0.117494511092561,0.0939631310678652,0.15682040659568,0.536193582142849,0.917713584060008,0.594296788182038,0.281468620891697,0.42855144944995,0.371176015908805,0.91647577622168,0.933776590558651,2,53,FALSE
"70","4_220_6",0,0.367618587929167,0.0520411100389674,0.0520411100389674,0.999626906860923,0.967659929994856,0.820420798511342,0.235112348003193,0.0620941167811338,0.302370646942403,0.516797377737055,0.222406710176291,0.190567879867492,0.19826177093699,0.295159876586053,0.82311278149338,0.456184982256433,0.346910502316991,0.315705278066069,0.293353905749215,0.918152989994999,0.877972784493369,2,53,FALSE
"71","4_222_2",0,0.36545762446417,0.0521703806862159,0.0521703806862159,0.748201188265352,0.743401733491779,0.512864620288116,0.0173660234647315,0.10868667687821,0.0704063390000338,0.273449684221023,0.370990155026425,0.0267428665378584,0.126057805062259,0.064498668108715,0.938485165366621,0.639387140692065,0.294763709726023,0.367325182814327,0.235072524182269,0.967292871574632,0.950032644405477,2,53,FALSE
"72","4_226_4",0,0.297323632068985,0.0737264102298386,0.0737264102298386,0.461292954007735,0.875845679935488,0.729463102531974,0.292920802273362,0.109371053517416,0.394812502733459,0.889992390762214,0.130480902490767,0.107466924348351,0.0453236556785263,0.694717584569663,0.995672691389485,0.946792624728667,0.26056584532845,0.181367038362367,0.79493912447214,0.998373608722377,0.940897278697122,2,53,FALSE
"73","4_232_2",0,0.322624835233095,0.0551272462456346,0.0551272462456346,0.872040457778872,0.85253523906504,0.832534338173832,0.0833843186975815,0,0.537093456653849,0.89209422659204,0.0554199457145094,0.102292108984252,0.190394084651652,0.686809023082372,0.943623967606439,0.632749135573368,0.170628584740166,0.301427343943461,0.931314983192606,0.872369284381774,0.874346892510122,2,53,FALSE
"74","4_232_6",0,0.355792995485516,0.0523468661352816,0.0523468661352816,0.760880090984861,0.801757683622829,0.547515177076338,0.121787267919188,0.108107833111164,0.170181237535684,0.597842274504989,0.185617331534761,0.0134769611904965,0.205686980271422,0.365605177591419,0.88780564332715,0.469274689889761,0.161128038878803,0.368920772612883,0.481861423000925,0.980334553992206,0.879646469584722,2,53,FALSE
"75","4_233_2",0,0.342363946000592,0.0532183190254928,0.0532183190254928,0.800971197190512,0.793401247699329,0.935070571424666,0.307927274245221,0.103683043328767,0.511737268414756,0.981932428747411,0.0357049334984946,0.0739704260374918,0.225654794434307,0.702387022909532,0.890631816665641,0.578347102143427,0.0725132162908612,0.307072709297309,0.0280752132053874,0.895527913882968,0.910244112884564,2,53,FALSE
"76","4_238_7",0,0.38469265863706,0.0510112296481084,0.0510112296481084,0.996142378505785,0.882344399449869,0.92885079396982,0.44085926995653,0.0888542102087631,0.0360009588138192,0.616296920907784,0.388021129470135,0.198261593108548,0.100971329892828,0.93816436565264,0.997376260680974,0.423938103901293,0.203620331554692,0.324152274485913,0.413845151343866,0.882614864717595,0.915492462286133,2,53,FALSE
"77","4_241_3",0,0.351693383556909,0.0524863334161124,0.0524863334161124,0.802730664062489,0.90852399347276,0.682208370789063,0.129550386223798,0.108107833111164,0.170181237535684,0.583288053971805,0.0549932712244558,0.070338400577613,0.171510011770239,0.365647441449714,0.88780564332715,0.736838552370834,0.0318834845344345,0.292075799440256,0.147486166497761,0.980334553992206,0.879646469584722,2,53,FALSE
"78","4_244_7",0,0.310061922403124,0.0562075679020521,0.0562075679020521,0.89379051072751,0.974034677466,1,0.328412702361734,0.133354257149387,0.277801457851284,0.963625313555604,0.0494866684418369,0.08281296798307,0.106961275401917,0.839330172560116,0.890910504983786,0.918813678986998,0.0765670965552061,0.157035960757842,0,0.877138762577369,0.885160836125822,2,53,FALSE
"79","4_246_6",0,0.295456910895743,0.0654159164623338,0.0654159164623338,0.935112951143289,0.952333882455172,0.95514421844394,0.246916050197176,0.243837012814118,0.27176920413277,0.986021741185867,0.00998728525644176,0.0447765125753399,0.212412441617902,0.836016457798774,0.82272960126131,0.848076976258282,0.443886867637834,0.317692004818195,0.731536604065582,0.831767516891414,0.887196161402771,2,53,FALSE
"80","4_253_5",0,0.324669706071116,0.0551131490112902,0.0551131490112902,0.872040457778872,0.85253523906504,0.832534338173832,0.0833843186975815,0,0.537093456653849,0.89209422659204,0.0554199457145094,0.102292108984252,0.190394084651652,0.686809023082372,0.919697615095746,0.632749135573368,0.170628584740166,0.301427343943461,0.931314983192606,0.872369284381774,0.831042795688105,2,53,FALSE
"81","4_255_3",0,0.298690902967512,0.0653794205800452,0.0653794205800452,0.935112951143289,0.888945640261856,0.889592831721613,0.236804636529351,0.243837012814118,0.27176920413277,0.986021741185867,0.00998728525644176,0.0884506175618306,0.242675402152871,0.836016457798774,0.82272960126131,0.848076976258282,0.444256259128242,0.319011383314796,0.976862484697995,0.831767516891414,0.887196161402771,2,53,FALSE
"82","4_258_3",0,0.333537701795538,0.0540826792889952,0.0540826792889952,0.732372318075174,0.664182438861467,0.691089100305582,0.216670249956038,0.0606710378792593,0.307792566064944,0.959783027565016,0.0794251394984483,0.0575631725632441,0.219084222216754,0.368513255772017,0.950060142541111,0.705064402828417,0.281744365826112,0.40429363753032,0.669728559468472,0.911308753052554,0.92772314993139,2,53,FALSE
"83","4_260_1",0,0.300005288123857,0.0571193014433283,0.0571193014433283,0.810200148713905,0.844067493390449,0.838361134277601,0.0661808655713762,0.113067599073337,0.0835868099286894,0.765023716447598,0.0827351140873106,0.0197395102830408,0.149624832876267,0.759326966702218,0.951876677034328,0.998688989362656,0.0630435979706002,0.193209687542971,0.300369250468477,0.981916398382719,0.829102885842935,2,53,FALSE
"84","4_260_6",0,0.349163163401565,0.0527682504131568,0.0527682504131568,0.914904575320331,0.972063507975545,0.898498968820479,0.0332911261046006,0.0708951253298436,0.627921580836592,0.848546984503747,0.117156755248022,0.0166696815351117,0.1461088079319,0.404097377434193,0.741789459522822,0.845153081850197,0.0894657292821003,0.26399501267438,0.631070247875201,0.998373608722377,0.714608295445389,2,53,FALSE
"85","4_262_3",0,0.311564291571153,0.055943580700166,0.055943580700166,0.883281574394335,0.928070125745946,0.922976055257201,0.167370364394765,0.129978591112922,0.111647446133929,0.634345982291203,0.033561357211209,0.0709854333896526,0.159813454741923,0.753523781716911,0.947748169414356,0.958958118279298,0,0.162709373617091,0.017423539879222,0.963083961847419,0.844038455911707,2,53,FALSE
"86","4_265_6",0,0.3873322423934,0.0506360400957181,0.0506360400957181,0.760440597454449,0.971380056238757,0.671133307441838,0.0264378103462931,0.128350695776611,0.223176157692882,0.382383001477754,0.182980347685025,0.0229169361934011,0.0398873050360549,0.740177675264304,0.955805353322846,0.305454826417947,0.166701792408856,0.357439992363769,0.755709385446779,0.972903743461418,0.941770671378914,2,53,FALSE
"87","4_266_1",0,0.320897451115481,0.0548605777849798,0.0548605777849798,0.930161251040131,0.949908043985616,0.899363689115976,0.188555639444992,0.182365006253443,0.206923923406962,0.667404347903997,0.126244591210249,0.237654304076619,0.110425860889004,0.990671090593698,1,1,0.0663892302367108,0.125996944386119,0.0728643492119142,0.932775210836876,0.962404671076765,2,53,FALSE
"88","4_266_4",0,0.316603150731823,0.0550090511762577,0.0550090511762577,0.802877910963972,0.799878892465428,0.955788506724108,0.114420328819188,0,0.537093456653849,0.904771086554852,0.134678781849184,0.020500665296543,0.113595562507693,0.686809023082372,0.919697615095746,0.961434862273105,0.0630076081274491,0.254284925876545,0.972786783045769,0.872369284381774,0.831042795688105,2,53,FALSE
"89","4_266_7",0,0.335303024254384,0.0539654412007304,0.0539654412007304,0.664850166332877,0.534798313050297,0.867895780052194,0.216670249956038,0.0606710378792593,0.307792566064944,0.959783027565016,0.200288554042821,0.170143758161928,0.462171251261668,0.368513255772017,0.950060142541111,0.705064402828417,0.338922331930592,0.460691705176253,0.669728559468472,0.911308753052554,0.92772314993139,2,53,FALSE
"90","4_268_2",0,0.313514017466079,0.0565535779445382,0.0565535779445382,0.798428602239323,0.888945640261856,0.889592831721613,0.265145712689713,0.118523702504983,0.19763391850669,0.682041978596438,0.0136872919420951,0.0884506175618306,0.0410222177195605,1,0.935007802209306,0.952023506958096,0.444256259128242,0.319011383314796,0.938920263917519,0.924003547561873,0.82740862828728,2,53,FALSE
"91","4_268_5",0,0.298773015684357,0.0628403091870675,0.0628403091870675,0.860908890719441,0.97986884758967,0.907004489254898,0.324671354202266,0.213677252168655,0.347677671614088,0.959574290796572,0.0242366799440219,0.11961672386036,0.252780665117965,0.844234966020614,0.847545051423903,0.832215948099621,0.458076555437763,0.212534696515609,0.577360734425465,0.868174181716646,0.866892543882226,2,53,FALSE
"92","4_268_7",0,0.384891291404148,0.0508262348399783,0.0508262348399783,0.973157297472554,0.861480639463846,0.918664735231491,0.233572549051585,0.194967695300913,0.0360009588138192,0.616296920907784,0.468340354258659,0.203848370590849,0.0308006319474353,0.694080222537916,0.89025761733247,0.264455371159098,0.522931771922869,0.217420050638557,0.500085355820563,0.930370145091177,0.964417249137796,2,53,FALSE
"93","4_269_1",0,0.295220966479313,0.0572659903646615,0.0572659903646615,0.691057591730964,0.859622604474499,0.980643510398199,0.0896440558711309,0.130202274971733,0.0872390146981519,0.833772410735377,0.191195726976602,0.00407650456386702,0.171110537729076,0.794328461290725,0.988336463020939,0.915187502070125,0.383150522366751,0.234317698820378,0.15668346236746,1,0.837731629389546,2,53,FALSE
"94","4_269_3",0,0.375940993439017,0.050781615397278,0.050781615397278,0.991440837663469,0.972063507975545,0.898498968820479,0.0332911261046006,0.109516175089979,0.281883295291958,0.792472209603246,0.00122679104963733,0.0166696815351117,0.1461088079319,0.404097377434193,0.97116625770158,0.333935740359154,0.0894657292821003,0.26399501267438,0.631070247875201,0.998373608722377,0.861260477940177,2,53,FALSE
"95","4_269_4",0,0.338772865868797,0.0536028137125744,0.0536028137125744,0.760536699318725,0.672005514551542,0.610075909219767,0.126775881859433,0.188669938542214,0.280731572243318,0.811076331823796,0.100833263790591,0.0323586291378912,0.0688537554886438,0.532103439831397,0.874883896813007,0.716239518228824,0.278444317625443,0.34594210374634,0.675519770691388,0.924709316832878,0.898527526231444,2,53,FALSE
"96","4_271_1",0,0.298080272130236,0.062584075159766,0.062584075159766,0.928731529272165,0.771593157775074,0.98163373554984,0.0225162917207279,0.21504510575886,0.0888706985027859,0.855889255329073,0.254077038433969,0.104758277109499,0.133193834046944,0.920108019038394,0.914264428280493,0.477706030830394,0.429576443787792,0.189000471795108,0.576065973647324,0.962748557241191,0.899820759696508,2,53,FALSE
"97","4_272_1",0,0.302266944980175,0.0584485636077765,0.0584485636077765,0.613315583436809,0.834252969548805,0.809938139270925,0.191092952310522,0.0614681256222822,0.0694788800941025,0.894256606056538,0.57839926105783,0.00891025590123357,0.167534715190612,0.997315379710079,0.950111923786353,0.817664417004549,0.239593768728216,0.197202017100073,0.758941881496011,0.931556739742269,0.73219169559599,2,53,FALSE
"98","4_272_4",0,0.37232656429415,0.0514285832314139,0.0514285832314139,0.935112951143289,0.817060487888286,0.847804057068303,0.58018089961146,0.197405272926434,0.178638891427528,0.396176311177549,0.00998728525644176,0.0381266601300085,0.310885042362069,0.843237277395595,0.918595087955762,0.848076976258282,0.0755194154833693,0.142772168111505,0.0832954509361068,0.937047371635465,0.772056303658372,2,53,FALSE
"99","4_274_5",0,0.330357899519535,0.0536264705641588,0.0536264705641588,0.732677488832937,0.948548761968599,0.824420959270808,0.0471491118633462,0.0320636445869191,0.317140653375841,0.671961750593799,0.284661541378786,0.0624406332473474,0.242176106607326,0.881016981955998,0.879672548314971,0.580004731150628,0.189637760270627,0.113348127476713,0.241577753757434,0.992193121824163,0.843097182790292,2,53,FALSE
"100","4_274_6",0,0.325950796640213,0.0546675246034383,0.0546675246034383,0.502875830555168,0.89383429358453,0.62662128829645,0.069255930856919,0.0825177802844763,0.244179973061086,0.703998401323687,0.151815880563253,0.05414428355097,0.212415076785347,0.90897216837664,0.899341201457496,0.307710918092204,0.169897781166546,0.206785223314007,0.483495895965465,0.955149906548603,0.959292893912317,2,53,FALSE
"101","4_275_1",0,0.325251807173753,0.0550404733055145,0.0550404733055145,0.875179316016581,0.728317493916894,0.975508729762009,0.0801286313489022,0.042950254166522,0.494122428703719,0.904771086554852,0.187016532971579,0.128570263061327,0.153282090112215,0.627540871687111,0.94438414564714,0.692220064123088,0.270917033468525,0.284981548502558,0.79786996406846,0.877695479540265,0.744351435104928,2,53,FALSE
"102","4_275_6",0,0.31537192413677,0.0550714431318086,0.0550714431318086,0.876987329264652,0.98096162646553,0.960812183346576,0.178161123725133,0.163604353143912,0.302961826124814,0.904303857359363,0.0601921948522518,0.117629681715865,0.0985440612741146,0.912546404166852,0.977009839960563,0.681697112999287,0.323695396138937,0.158470006737274,0.388768292210129,0.961245942974088,0.801426794001581,2,53,FALSE
"103","4_277_7",0,0.316681626110275,0.0557692307418229,0.0557692307418229,0.640834646431229,0.698071156182185,0.898498968820479,0.0332911261046006,0.0130523515284808,0.465929388414957,0.737822318005345,0.27868680898447,0.0166696815351117,0.1461088079319,0.599472934174848,0.839462110504498,0.974158106478221,0.125629079989943,0.26399501267438,0.631070247875201,0.883138905405492,0.865583224436501,2,53,FALSE
"104","4_278_5",0,0.319415166955165,0.0544428219130795,0.0544428219130795,0.903523040127523,0.977810725078413,0.980804068210289,0.288892648638657,0.128350695776611,0.267067064449976,0.684221689515396,0.128574073648719,0.0139968057084442,0,0.740177675264304,0.955805353322846,0.565068339104384,0.00278057293966304,0.140227601465884,0.458768572828015,0.972903743461418,0.941770671378914,2,53,FALSE
"105","4_279_2",0,0.333943200019206,0.0540164162915153,0.0540164162915153,0.591764017684953,0.85485144208613,0.630091313893715,0.00598403155129533,0.11222921325256,0.0780627488166822,0.523477312038618,0.210319188796639,0.00584057711149545,0.198208198586608,0.410121144364781,0.924977044885159,0.666537038300852,0.306045640548549,0.470480722393012,0.202020659808491,0.958310470130993,0.97360663111025,2,53,FALSE
"106","4_279_3",0,0.315322556679342,0.0556695655823775,0.0556695655823775,0.803229505727174,0.799878892465428,0.955788506724108,0.114420328819188,0.0132594388162712,0.49469752052809,0.925231126688397,0.13678836897111,0.020500665296543,0.113595562507693,0.686809023082372,0.865297847250375,0.928117019219441,0.0630076081274491,0.254284925876545,0.972786783045769,0.872369284381774,0.781343434231315,2,53,FALSE
"107","4_279_7",0,0.298178749819731,0.0573024737558558,0.0573024737558558,0.612487353656725,0.805946505824226,0.704107499919052,0.00723555509525961,0.132297332073452,0.0695916269358119,0.895352831701099,0.00612274044398841,0.0418236013465816,0.150703106276465,0.830829021023023,0.999295504212811,0.98780710382083,0.121370328393835,0.184695367400717,0.278065344949288,0.973758884249932,0.821915883321809,2,53,FALSE
"108","4_283_3",0,0.311447809013614,0.0546209871891089,0.0546209871891089,0.935945408752552,0.946963921031986,0.92295435195183,0.167957897075121,0.0825177802844763,0.244179973061086,1,0.228721571770422,0.0201865562144546,0.0221620524079653,0.804696522674354,0.899341201457496,0.570142054706007,0.131709435632311,0.131074496457684,0.850581302577509,0.983784219943347,0.959292893912317,2,53,TRUE
"109","4_284_4",0,0.338685174543569,0.053260287024645,0.053260287024645,0.83065810399685,0.572289451517172,0.903118793407594,0.290586966328526,0.051592579358574,0.25226613946152,0.907951000827007,0.0968554436608724,0.0190882076833131,0.147611906753877,0.510429656112876,0.767816214897039,0.728898417181791,0.139776449972877,0.256907056660623,0.729718304522325,0.980726698219916,0.795075227082953,2,53,FALSE
"110","4_285_6",0,0.325478433870259,0.0544569699159123,0.0544569699159123,0.909192235484826,0.97986884758967,0.876206117322047,0.335830804895454,0.0820449666424741,0.333244416153654,0.807800047460056,0.0242366799440219,0.11961672386036,0.123226620344019,0.98991706276165,0.895666698101262,0.607064215235835,0.458076555437763,0.0747810163425092,0.270605171252601,0.978725615573895,0.860122229879956,2,53,FALSE
"111","4_286_5",0,0.317481224003379,0.0552908043023631,0.0552908043023631,0.78189355875405,0.94105088885623,0.862959386367132,0.0389393956398623,0.133823690362903,0.11371121838309,0.748973474672903,0.10640967932953,0.320540562042008,0.0965707414793472,0.614212162994279,0.879248760707199,0.798919526849809,0.201074296947652,0,0.52266598259625,0.9518051463862,0.811473671210804,2,53,FALSE
"112","4_286_6",0,0.395554064102252,0.0502937914716291,0.0502937914716291,0.771957617161102,0.79437497883743,0.740993744976036,0.0483257093833129,0.103096908206243,0.0756229397952751,0.466624731749648,0.358934985544621,0.0486143475569856,0.0509002022538629,0.485820806437216,0.960657823974558,0.0997267376627112,0.240761208565349,0.376123678865758,0.894871216154612,0.96586038925994,0.925490150022262,2,53,FALSE
"113","5_245_2",0,0.420671173371735,0.0499649838603679,0.0499649838603679,0.364950069746271,0.606698948422924,0.918875637682497,0.0472363307609527,0.49072800300146,0.163018233236632,0.308006449850852,0.419644607715754,0.0230159767100481,0.802175644166439,0.491306021806975,0.363728260830117,0.552455130522105,0.890709545781573,0.108956106502877,0.871091709101579,0.172578218544011,0.402695553684445,3,42,FALSE
"114","5_251_2",0,0.401090818840408,0.0501596388818227,0.0501596388818227,0.594593718588298,0.706775822825112,0.87678206436447,0.31555090759286,0.6595849139368,0.0549968093072279,0.249850342140838,0.476038755040949,0.0293564878990981,0.582647219557755,0.636889476815921,0.129408929772067,0.0259815932048074,0.921958964262172,0.000607734399854461,0.466229444931173,0.373696518035852,0.988940751797803,3,42,FALSE
"115","5_251_7",0,0.380940877971279,0.051461615036003,0.051461615036003,0.416625745463588,0.598894065723102,0.871688604962277,0.31104013859335,0.580029634708536,0.261501878712894,0.376000785986835,0.415253141573405,0.0694982924993609,0.707314017262847,0.518044114815338,0.490605167120967,0.581668153909217,0.623403305682414,0.0281033215978761,0.757279674295168,0.252982722175264,0.463846856709798,3,42,FALSE
"116","5_255_5",0,0.400843755867472,0.0501758942326367,0.0501758942326367,0.223583048131854,0.602343806023333,0.843862866713846,0.157295074459401,0.6256146249513,0.381132030575732,0.455831569825403,0.533189126042709,0.0279383681499286,0.711678380734949,0.593641135836763,0.610723928281358,0.0654226631795123,0.755387173456583,0.0292294098852688,0.633286783981748,0.693135618237676,0.844947366285311,3,42,FALSE
"117","5_259_7",0,0.402029928846847,0.0501286065179354,0.0501286065179354,0.317952095998992,0.602343806023333,0.843862866713846,0.157295074459401,0.6256146249513,0.381132030575732,0.38535173800846,0.596844808548437,0.0279383681499286,0.711678380734949,0.593641135836763,0.610723928281358,0.0368703527560797,0.93235528892974,0.0292294098852688,0.633286783981748,0.693135618237676,0.844947366285311,3,42,FALSE
"118","5_266_4",0,0.379578591191681,0.0505718595904828,0.0505718595904828,0.360673204044896,0.750749611038253,0.99621516350009,0.53835061235459,0.314513381734816,0.128388003966849,0.357539223123035,0.201305212851466,0.0642020532911137,0.605369165624091,0.876679209073993,0.666369864733557,0.210048219862345,0.981015256485901,0.0895988768803525,0.646585026100369,0.630881768980596,0.974323340708992,3,42,FALSE
"119","5_268_4",0,0.402193588957201,0.0500810552292982,0.0500810552292982,0.317952095998992,0.600027499554518,0.98322763556096,0.157295074459401,0.6256146249513,0.381132030575732,0.38535173800846,0.596844808548437,0.0224970087241257,0.757516871464049,0.593641135836763,0.610723928281358,0.0368703527560797,0.850132191547199,0.0464452549196445,0.967737241897978,0.693135618237676,0.844947366285311,3,42,FALSE
"120","5_271_2",0,0.394263202381731,0.0503435950754818,0.0503435950754818,0.621521093741002,0.630553058201518,0.996561289877641,0.650887931178904,0.418177175083717,0.0949923213903619,0.0850118326287773,0.393084094508731,0.0753383889465414,0.627785608336307,0.967346035135005,0.216370798806005,0.229994484340716,0.821313360765154,0.0166340665751951,0.900225961231079,0.255512895707234,0.962678094697879,3,42,FALSE
"121","5_271_5",0,0.389294299578865,0.0503421222131369,0.0503421222131369,0.879441019991833,0.838253985920029,0.973042775408099,0.422512945875385,0.161549622638133,0.214715830456188,0.0163840158784153,0.191804479226182,0.0267254264201904,0.715690230486868,0.736385764139395,0.385455301907436,0.668910196984664,0.707216538831049,0.0284538605207317,0.728131015902986,0.37279574195461,0.858241097815185,3,42,FALSE
"122","5_272_6",0,0.402225476761362,0.0500811609386444,0.0500811609386444,0.317952095998992,0.600027499554518,0.98322763556096,0.157295074459401,0.6256146249513,0.381132030575732,0.392881757340432,0.596844808548437,0.0224970087241257,0.757516871464049,0.593641135836763,0.610723928281358,0.0368703527560797,0.850132191547199,0.0464452549196445,0.967737241897978,0.693135618237676,0.844947366285311,3,42,FALSE
"123","5_274_3",0,0.340123376505535,0.0529233506467531,0.0529233506467531,0.61433792047719,0.737250352914455,0.857652823327919,0.0120624970459182,0.536534115738596,0.119388327992955,0.92323243875629,0.187402595497361,0.10153859073218,0.809603627254702,0.247431531467049,0.885216432523635,0.754022841495159,0.454279743860837,0.20846621056795,0.750430861721511,0.475563886387031,0.631318135881697,1,49,FALSE
"124","5_274_6",0,0.399873816908688,0.0503088502724817,0.0503088502724817,0.251139890383496,0.269804305571026,0.989943039444653,0.496825314113435,0.291719287486951,0.0507714771482634,0.0564619679225176,0.612320543927533,0.0399405774346429,0.916177221222777,0.628425786101202,0.296896318661999,0.181820524708083,0.73710670245558,0.124837897893498,0.87073089352998,0.559920181696569,0.886916880957975,3,42,FALSE
"125","5_276_7",0,0.383148299786763,0.0505263264953826,0.0505263264953826,0.349398714699457,0.815110474789867,0.992215482984667,0.303414706582905,0.543315908179625,0.35851176925648,0.555098531938478,0.28811311711684,0.00726285955166584,0.540601599123992,0.953487507557162,0.691160074945532,0.119249420308246,0.452816381577097,0.100913234626582,0.986766355366735,0.588110023824923,0.790842042838963,3,42,FALSE
"126","5_277_1",0,0.406977058788862,0.0500707333811705,0.0500707333811705,0.317952095998992,0.600027499554518,0.950166594228645,0.157295074459401,0.6256146249513,0.381132030575732,0.38535173800846,0.596844808548437,0.0326363060785922,0.767306193534583,0.593641135836763,0.610723928281358,0.0368703527560797,0.850132191547199,0.184677725256891,0.967737241897978,0.693135618237676,0.844947366285311,3,42,FALSE
"127","5_277_2",0,0.337342098692601,0.0527021557420276,0.0527021557420276,0.0777915954672887,0.911974973207548,0.994092543143534,0.0455407966224972,0.858464783213195,0.678386372005818,0.449417042996014,0.301956964274117,0.00935049371934897,0.548965847520767,0.92115015870443,0.774465114031408,0.262621772109403,0.42812067921954,0.0231762382272512,0.808312260408212,0.657063468491157,0.855923893431395,3,42,TRUE
"128","5_278_3",0,0.397124406994504,0.0503316952383387,0.0503316952383387,0.327801326851045,0.669511703174754,0.861577673237118,0.279153246218464,0.616035924657065,0.447134264337281,0.469663674268394,0.560641661511533,0.00239641407432385,0.653748427829642,0.589909011880602,0.624920639654355,0.0539831515536324,0.687936464091747,0.0312600347992928,0.627183301149166,0.676840535135641,0.864779027120542,3,42,FALSE
"129","5_278_5",0,0.350089867424413,0.0523857010238272,0.0523857010238272,0.86045909535754,0.731747983492061,0.916460075748952,0.0120624970459182,0.458890250868283,0.498386173194917,0.938710044202777,0.172193972879767,0.127602291240763,0.953906447511559,0.247431531467049,0.727035896889127,0.610438949181883,0.566753760050015,0.254552030908989,0.783679005985259,0.517154582476941,0.865032226087555,1,49,FALSE
"130","5_279_6",0,0.371227849197177,0.0515531853742634,0.0515531853742634,0.188202997065198,0.594648562890505,0.996561289877641,0.650887931178904,0.418177175083717,0.168215754464398,0.409087764160104,0.145881711475737,0.0896468974897302,0.627785608336307,0.967346035135005,0.216370798806005,0.598737919562598,0.71770722274703,0.161105774465546,0.900225961231079,0.255512895707234,0.962678094697879,3,42,FALSE
"131","5_281_2",0,0.382801022123044,0.0505296605380151,0.0505296605380151,0.349398714699457,0.815110474789867,0.992215482984667,0.303414706582905,0.543315908179625,0.35851176925648,0.555098531938478,0.28811311711684,0.00726285955166584,0.540601599123992,0.953487507557162,0.691160074945532,0.119249420308246,0.452816381577097,0.100913234626582,0.986766355366735,0.588110023824923,0.801477028084298,3,42,FALSE
"132","5_281_3",0,0.397085799961804,0.0501505353941923,0.0501505353941923,0.241824087014976,0.301042494027391,0.98322763556096,0.157295074459401,0.6256146249513,0.0272450036246222,0.217524078701908,0.719436704662135,0.0224970087241257,0.757516871464049,0.593641135836763,0.610723928281358,0.327315197396921,0.990890407723476,0.0464452549196445,0.967737241897978,0.693135618237676,0.827252938794543,3,42,FALSE
"133","5_281_4",0,0.342752697034425,0.0526543988566658,0.0526543988566658,0.15328683364893,0.91012192793559,0.900369984221288,0.0455407966224972,0.858464783213195,0.678386372005818,0.393033177461551,0.352881510320836,0.00935049371934897,0.585636640144569,0.92115015870443,0.774465114031408,0.239779923719695,0.503916693754486,0.0231762382272512,0.925843947723909,0.657063468491157,0.855923893431395,3,42,FALSE
"134","5_282_5",0,0.326908022448068,0.0545983577884021,0.0545983577884021,0.403827566369038,0.983196426302968,0.885048208654334,0.279153246218464,0.616035924657065,0.447134264337281,0.908101198540076,0.042409590485941,0.123153297778236,0.653748427829642,0.589909011880602,0.624920639654355,0.802651810956404,0.244984564943397,0.102291035018553,0.627183301149166,0.676840535135641,0.864779027120542,1,49,FALSE
"135","5_282_6",0,0.390165546595106,0.0504079361383534,0.0504079361383534,0.454275446281336,1,0.938166725820369,0.179639675920023,0.798639761406861,0.364458958018375,0.0240882469359393,0.00824499284518757,0.0533347485949034,0.828381650348842,0.376030546758727,0.817493961338602,0.717225373813024,0.73365143656953,0.0346396746434725,0.923718387131108,0.623161675383225,0.503245928480976,3,42,FALSE
"136","5_282_7",0,0.398610003810037,0.0499981695350019,0.0499981695350019,0.197920823506133,0.765290751515407,0.857652823327919,0.0120624970459182,0.37718586631114,0.07956677616357,0,0.169269905953412,0.0250035163333519,0.809603627254702,0.247431531467049,0.47093939636281,0.358420786675435,0.59621101220997,0.0591605701088727,0.750430861721511,0.475563886387031,0.803943299740333,3,42,FALSE
"137","5_283_2",0,0.33087366414868,0.0544647145189811,0.0544647145189811,1,0.86323818092479,0.972658207641092,0.488802657457115,0.682665601771045,0.823490814432498,0.665616144034443,0.0859363794184602,0.0302061724016136,0.69132477307381,0.633230331519461,0.7925502790887,0.900258240786652,0.284305041073621,0.029795938775677,0.907060992458438,0.503913849394367,0.867065400514792,2,53,FALSE
"138","5_283_5",0,0.387458030771066,0.0502887953924418,0.0502887953924418,0.771672712638724,0.727935444997819,0.981836613957052,0.362911374887359,0.618257715922131,0.175882454043336,0.410075157158329,0.139751066599921,0.0572489665776305,0.778010053850658,0.641326571201847,0.704204948332497,0.293356497384161,0.657923444347107,0.297981375386042,0.777744895143717,0.499780845713824,0.94848527304663,3,42,FALSE
"139","5_284_4",0,0.303763859622137,0.0565588927213067,0.0565588927213067,0.327325597550134,0.965840729814109,0.956751868174025,0.171002959749795,0.587019874776004,0.471605242570622,0.777322793058174,0.218975118869183,0.05883770509847,0.462216318176544,0.966113830526582,0.775110734868944,0.476632355586278,0.0973160346436043,0.0249221127738606,0.844178214096548,0.905712810382484,0.888287672132206,2,53,FALSE
"140","5_285_1",0,0.409192423173659,0.0498903950443487,0.0498903950443487,0.254837285424504,0.685643647732034,0.932854258128018,0.139181771867993,0.10506231454194,0.245540083270096,0.232841250651524,0.556422649915731,0.0163347535818306,0.668772590467298,0.721237128847308,0.397248768050362,0.0129191915631764,1,0.0991247207807977,0.723304812532049,0.398179307578255,0.746676356266306,3,42,FALSE
"141","5_285_4",0,0.381947329603559,0.0504446605789852,0.0504446605789852,0.349398714699457,0.815110474789867,0.996591391379836,0.0322037220436872,0.683955253252701,0.242428215498921,0.555098531938478,0.28811311711684,0.00726285955166584,0.426714458762602,0.818755321244539,0.676691943202073,0.119249420308246,0.452816381577097,0.100913234626582,0.907767369646347,0.710629719142532,0.79256382241758,3,42,FALSE
"142","5_285_6",0,0.344516473622048,0.0527233945184047,0.0527233945184047,0.427019129045239,0.741494478947483,0.900369984221288,0.0455407966224972,0.858464783213195,0.678386372005818,0.393033177461551,0.184338030363096,0.00935049371934897,0.585636640144569,0.92115015870443,0.774465114031408,0.239779923719695,0.517333980975107,0.0231762382272512,0.925843947723909,0.657063468491157,0.855923893431395,3,42,FALSE
"143","5_286_3",0,0.364146392575528,0.0523194686234944,0.0523194686234944,0.322504745795352,0.766443501726062,0.909141085279978,0.546211118761334,0.661083326247276,0.562940712894917,0.579472973361612,0.455479208073377,0.0137989556250323,0.457490126722945,0.574426050224186,0.300671269673994,0.548439143492966,0.456299446631131,0.0227142843645939,0.698713349003807,0.548160588465476,0.877956311473375,3,42,FALSE
"144","5_286_7",0,0.388544894197289,0.05042056357674,0.05042056357674,0.327801326851045,0.669511703174754,0.861577673237118,0.279153246218464,0.440181398025463,0.527192773694288,0.469663674268394,0.560641661511533,0.00239641407432385,0.653748427829642,0.819325169603204,0.86295722036555,0.0539831515536324,0.687936464091747,0.0312600347992928,0.627183301149166,0.673346079123711,1,3,42,FALSE
